message_id,chat_id,visitor_id,session_id,country_code,offer_id,offer_name,payout_type,payout_amount,relevance_score,selection_method,created_at
a429de0f-c98e-4bd5-b315-7a7025217c27,1,d2c20a58-39d0-403f-b941-a16578900c5b,d4b26866-dfda-4421-ae82-ade922d6be75,,9303,GPS Air Tag - iTagPro - CTC $41.99 - All Coutries,CPA,45.0,0.8587,keyword,2026-02-05 06:14:30
8bf8da7f-10db-4aa0-a316-15b860482ca4,1,d2c20a58-39d0-403f-b941-a16578900c5b,d4b26866-dfda-4421-ae82-ade922d6be75,,9307,Driving Glasses - PolorVision - CTC $59.99 - All Coutries,CPA,52.5,0.875,keyword,2026-02-05 06:47:43
66b994f1-d2dd-4b90-af0d-556823707897,1,9f1858b1-0ae2-49db-923c-e8b586b0aaf7,60909a6e-4a34-4544-b6b9-f7c7b73fa326,US,9397,Brazilian Wood,CPA,187.5,1.0,keyword,2026-02-05 07:20:52
92494f5a-b9c5-441d-ac2a-a15af36e9599,1,9f1858b1-0ae2-49db-923c-e8b586b0aaf7,60909a6e-4a34-4544-b6b9-f7c7b73fa326,US,9405,Total Collagen Boost,CPA,75.0,1.0,keyword,2026-02-05 07:21:09
de4bbbc8-eec8-427e-a80a-d9075248c1bc,1,720d3224-4538-4a3a-9906-823949ece4ff,82aae153-7446-46bc-819b-29abdb8a916c,US,9214,Docupop,CPA,74.25,1.0,keyword,2026-02-05 08:06:09
842858d6-b321-47e9-8ac6-69856b41dbc0,1,720d3224-4538-4a3a-9906-823949ece4ff,82aae153-7446-46bc-819b-29abdb8a916c,US,9413,GetMyDrivers,CPA,45.0,1.0,keyword,2026-02-05 08:06:29
7ae6600f-bcd8-4f12-b772-005f54ec0796,1,d190afce-40f2-43be-95c3-1a1c0e4329dc,f55dd868-490b-48f7-adb0-9545c045dd36,,9691,EKTA World Wide Travel Insurance + Covid,CPS,0.0,0.875,keyword,2026-02-05 13:11:06
fafbbd04-abde-4fe5-8d73-35c52bbf338d,1,d2caf80c-b739-42bb-901f-7e013702ea17,61ddfd0a-7707-467d-a5a6-4f72dab70b0e,,9307,Driving Glasses - PolorVision - CTC $59.99 - All Coutries,CPA,52.5,0.8553,keyword,2026-02-05 17:01:21
f1796c80-247e-4b8f-83b2-f1054dbd106c,1,9e1f4310-8280-46ee-b577-de97ead13d1a,8d1356d3-4de5-4853-b223-332705b43c7a,US,9721,ZippyLoan,CPA,28.0,1.0,keyword,2026-02-05 17:04:03
d4779028-fcc5-4cd1-a35c-342caf34fa51,1,c01baa45-e0c1-43f5-8627-05c145c66dfb,05f183b5-0c4f-4970-a62c-ce1a158244c3,,9303,GPS Air Tag - iTagPro - CTC $41.99 - All Coutries,CPA,45.0,0.8553,keyword,2026-02-05 18:42:10
ddffe49b-369e-4414-bd5c-32c017dbfb05,1,c01baa45-e0c1-43f5-8627-05c145c66dfb,05f183b5-0c4f-4970-a62c-ce1a158244c3,,9039,Surfshark Antivirus,CPA,9.0,0.8553,keyword,2026-02-05 18:42:38
2e248eba-327b-4a70-ae59-9c31c320344f,1,c01baa45-e0c1-43f5-8627-05c145c66dfb,05f183b5-0c4f-4970-a62c-ce1a158244c3,,9691,EKTA World Wide Travel Insurance + Covid,CPS,0.0,0.8553,keyword,2026-02-05 18:43:16
507b6834-acbe-4cce-8345-f2e5f1781a15,1,64709742-f0be-494e-9ea0-d2dd34c5d5fd,9b9398b7-e490-4874-9977-45b7628e982f,US,9696,Snaplii Inc.,CPA,15.0,1.0,keyword,2026-02-06 01:20:30
8673690b-9192-49d9-aed2-51097df21593,1,64709742-f0be-494e-9ea0-d2dd34c5d5fd,9b9398b7-e490-4874-9977-45b7628e982f,US,9596,Cheers Financial - Build Credit on Autopilot,CPA,10.5,1.0,keyword,2026-02-06 01:20:33
66b8d250-d171-4ff8-9c9f-e6d12edb5502,1,3311836e-cb17-4712-b4ab-589e228fd9f3,02f3824f-07ae-4b56-88db-3b4f6b8070b2,,9303,GPS Air Tag - iTagPro - CTC $41.99 - All Coutries,CPA,45.0,0.8434,keyword,2026-02-06 04:10:57
54fa4979-9768-48c3-a690-073bbc8789fb,1,3311836e-cb17-4712-b4ab-589e228fd9f3,02f3824f-07ae-4b56-88db-3b4f6b8070b2,,9301,Smart TV USB Stick - Flixy - CTC $73.99 - All Coutries,CPA,48.75,0.8553,keyword,2026-02-06 04:14:09
7600bb92-8c28-4d70-9cb9-1f5dc6b8b41c,1,3311836e-cb17-4712-b4ab-589e228fd9f3,02f3824f-07ae-4b56-88db-3b4f6b8070b2,,9306,Air Purifier - Clairu - CTC $39.95 - All Coutries,CPA,37.5,0.8553,keyword,2026-02-06 04:41:47
fe8d4d73-dfb7-48f5-b2ce-db3fe1c3f577,1,bab6aed6-e54f-4ffa-880b-7cd00bbd6292,a2535bbc-5668-4ad6-883a-6a6939443980,,9307,Driving Glasses - PolorVision - CTC $59.99 - All Coutries,CPA,52.5,0.8434,keyword,2026-02-06 05:33:40
a67bacef-9b28-4d79-b89d-e59abb48a9a5,1,98c427e9-1fee-4b61-9fe2-669a39ad5894,f398cf27-6286-469e-9951-e34477c61392,,9301,Smart TV USB Stick - Flixy - CTC $73.99 - All Coutries,CPA,48.75,0.8434,keyword,2026-02-06 15:32:58
db5d9002-59b7-4122-b6ed-8820c0f7fd88,1,98c427e9-1fee-4b61-9fe2-669a39ad5894,f398cf27-6286-469e-9951-e34477c61392,,9039,Surfshark Antivirus,CPA,9.0,0.8434,keyword,2026-02-06 15:33:10
f19a4b2d-5fd1-48a5-a9d4-943e6018835e,1,aed6b515-0efa-44f0-b2bf-35e7213924b1,e124d45d-9e36-4695-b5a1-d4cc6143bb71,,9691,EKTA World Wide Travel Insurance + Covid,CPS,0.0,0.8434,keyword,2026-02-07 04:10:45
5e68f35e-c13a-4fa2-9008-6975fe9aeb08,1,aed6b515-0efa-44f0-b2bf-35e7213924b1,e124d45d-9e36-4695-b5a1-d4cc6143bb71,,9307,Driving Glasses - PolorVision - CTC $59.99 - All Coutries,CPA,52.5,0.8362,keyword,2026-02-07 04:11:07
f1cb6f05-67e0-425c-88bb-39e6d67dd45a,1,aed6b515-0efa-44f0-b2bf-35e7213924b1,e124d45d-9e36-4695-b5a1-d4cc6143bb71,,9301,Smart TV USB Stick - Flixy - CTC $73.99 - All Coutries,CPA,48.75,0.8362,keyword,2026-02-07 04:11:17
2402d8e9-f289-4ddf-bdd0-b579c3eb4085,1,9c9eb6bc-b867-4213-a649-861503b25840,a4297acb-e218-48b0-a52c-037d11534059,,9303,GPS Air Tag - iTagPro - CTC $41.99 - All Coutries,CPA,45.0,0.8362,keyword,2026-02-07 10:31:54
6c0adc78-cdee-4ded-b4db-000efee96435,1,anon_5141f9c8-7e92-4571-889c-f7ebbe13a9ca,e1826264-d6ef-4644-a1f4-f0dec6ef7325,EG,9039,Surfshark Antivirus,CPA,9.0,0.8362,keyword,2026-02-07 14:51:01
a61062a5-aa96-43af-9568-47a0df208593,1,anon_5141f9c8-7e92-4571-889c-f7ebbe13a9ca,e1826264-d6ef-4644-a1f4-f0dec6ef7325,EG,9691,EKTA World Wide Travel Insurance + Covid,CPS,0.0,0.8362,keyword,2026-02-07 14:51:19
cd2da919-8946-4fdd-8da7-d0036199f18a,1,anon_5141f9c8-7e92-4571-889c-f7ebbe13a9ca,e1826264-d6ef-4644-a1f4-f0dec6ef7325,EG,9307,Driving Glasses - PolorVision - CTC $59.99 - All Coutries,CPA,52.5,0.8318,keyword,2026-02-07 14:52:00
b817d881-83e5-4e77-b9e2-c241499999ef,1,67bb92eb-3d18-4a94-92ec-30fe3cc1defe,cc9a774e-f6b3-46fa-8c6f-d215897f6414,,9303,GPS Air Tag - iTagPro - CTC $41.99 - All Coutries,CPA,45.0,0.8318,keyword,2026-02-08 06:47:45
4ab97bca-25b8-4c73-bce9-d6f609f78e21,1,a346a318-0082-4b40-a576-defc7afde86d,15be92e4-4105-445e-83e2-49cc0a994832,EG,9039,Surfshark Antivirus,CPA,9.0,0.8318,keyword,2026-02-08 11:58:00
85ddea26-6488-4982-bde3-6e15ef3e93e6,1,a346a318-0082-4b40-a576-defc7afde86d,15be92e4-4105-445e-83e2-49cc0a994832,EG,9691,EKTA World Wide Travel Insurance + Covid,CPS,0.0,0.8318,keyword,2026-02-08 11:58:37
193e631f-6f20-4dfb-8ae3-18b9655bd15a,1,a346a318-0082-4b40-a576-defc7afde86d,15be92e4-4105-445e-83e2-49cc0a994832,EG,9303,GPS Air Tag - iTagPro - CTC $41.99 - All Coutries,CPA,45.0,0.8291,keyword,2026-02-08 12:00:37
add15a16-be49-4192-a058-22c4d0a75872,1,a346a318-0082-4b40-a576-defc7afde86d,15be92e4-4105-445e-83e2-49cc0a994832,EG,9039,Surfshark Antivirus,CPA,9.0,0.8291,keyword,2026-02-08 12:02:10
417793b4-5365-48fa-82d6-852db1990d4a,1,a346a318-0082-4b40-a576-defc7afde86d,15be92e4-4105-445e-83e2-49cc0a994832,EG,9691,EKTA World Wide Travel Insurance + Covid,CPS,0.0,0.8291,keyword,2026-02-08 12:04:08
887b8bea-a855-4c16-ad0b-4ad862d123ee,1,c9899be5-104b-4e8a-a1c0-c5920f36d012,dbc717d7-69a1-4227-bf2b-71606ce4ca96,,9308,Dash Cam - DashOne Pro - CTC $69.99 - All Coutries,CPA,56.25,0.8275,keyword,2026-02-08 16:26:47
9f3cb1b9-f3a9-4907-adff-ba57ddb32ca0,1,c9899be5-104b-4e8a-a1c0-c5920f36d012,dbc717d7-69a1-4227-bf2b-71606ce4ca96,,9303,GPS Air Tag - iTagPro - CTC $41.99 - All Coutries,CPA,45.0,0.8275,keyword,2026-02-08 16:27:14
fdec5ad2-43ab-4faa-a26d-17dfdde50fbc,1,c9899be5-104b-4e8a-a1c0-c5920f36d012,dbc717d7-69a1-4227-bf2b-71606ce4ca96,,9039,Surfshark Antivirus,CPA,9.0,0.8275,keyword,2026-02-08 16:27:52
a6d68b37-0a60-42a6-b9ca-13b56122333c,1,c9899be5-104b-4e8a-a1c0-c5920f36d012,dbc717d7-69a1-4227-bf2b-71606ce4ca96,,9691,EKTA World Wide Travel Insurance + Covid,CPS,0.0,0.8275,keyword,2026-02-08 16:28:35
971c7b37-9418-4b21-949f-ed98dec559fc,1,632f7b93-6acc-4ff6-bd2b-8e36e9bb2d60,f6872c36-b391-4e74-8473-5cc7e9be7f69,,9308,Dash Cam - DashOne Pro - CTC $69.99 - All Coutries,CPA,56.25,0.8265,keyword,2026-02-09 19:53:07
1e4e554a-03d9-44fe-a727-276dde7fbea6,1,90bb40db-50b9-4f2b-96d7-06ac5ddec8af,30cf6c6a-fa93-49e9-9af9-82b05c84f3f9,EG,9303,GPS Air Tag - iTagPro - CTC $41.99 - All Coutries,CPA,45.0,0.8265,keyword,2026-02-10 00:08:19
3b525602-1d59-4ba7-aa69-1949e71934e4,1,90bb40db-50b9-4f2b-96d7-06ac5ddec8af,30cf6c6a-fa93-49e9-9af9-82b05c84f3f9,EG,9039,Surfshark Antivirus,CPA,9.0,0.8265,keyword,2026-02-10 00:08:47
24606155-6e89-4ec1-84eb-6efe9cec0667,1,anon_ef73a3ef-3820-478d-92d8-4ffe578366cf,dd2a253f-6844-40ec-9c07-1c18717edefd,,9691,EKTA World Wide Travel Insurance + Covid,CPS,0.0,0.8265,keyword,2026-02-10 04:49:07
e23f67fb-e46c-4a32-b190-d493230579c3,1,anon_ef73a3ef-3820-478d-92d8-4ffe578366cf,dd2a253f-6844-40ec-9c07-1c18717edefd,,9308,Dash Cam - DashOne Pro - CTC $69.99 - All Coutries,CPA,56.25,0.8259,keyword,2026-02-10 04:49:21
988e5dfa-89c0-4681-b1d9-a639802b4daa,1,anon_ef73a3ef-3820-478d-92d8-4ffe578366cf,dd2a253f-6844-40ec-9c07-1c18717edefd,,9303,GPS Air Tag - iTagPro - CTC $41.99 - All Coutries,CPA,45.0,0.8259,keyword,2026-02-10 04:49:44
54632c90-062f-4d66-acc1-63b2d2b9a85a,1,c072de6c-e4d1-40b2-9f22-d041ba5cd542,a139072d-a59a-4cde-a63a-4c88bafa9537,RO,9306,Air Purifier - Clairu - CTC $39.95 - All Coutries,CPA,37.5,0.8434,keyword,2026-02-10 12:18:17
7a3d0bb2-56eb-48b5-a674-14cd8d6ffc31,1,c072de6c-e4d1-40b2-9f22-d041ba5cd542,a139072d-a59a-4cde-a63a-4c88bafa9537,RO,9306,Air Purifier - Clairu - CTC $39.95 - All Coutries,CPA,37.5,0.8362,keyword,2026-02-10 12:18:38
8494a245-96de-4189-9853-3ec0cea12a7e,1,85056bd5-bef6-414b-8ab2-13c85b289da9,a62468fc-9003-400a-a5bf-d435e1fcbeef,NL,9664,Freecash,CPA,2.25,1.0,keyword,2026-02-10 16:53:58
6ad88e4c-f791-49ac-83c0-4f01474211ad,1,293b89e1-17a0-4e19-968f-73e05ff9d75a,fc0111e9-46e2-42a0-ac6b-1a5728ff11e9,,9306,Air Purifier - Clairu - CTC $39.95 - All Coutries,CPA,37.5,0.8297,keyword,2026-02-11 13:33:06
72e68577-edd7-4663-a096-ae4a4b2eb328,1,anon_7bff93fa-793a-4809-9158-82e7bd59c5ba,08f47a39-a022-4b4a-bb38-955e4dbd8e7c,,9039,Surfshark Antivirus,CPA,9.0,0.8259,keyword,2026-02-11 18:06:40
d06f20c6-99c6-4eef-9e3d-9510b5193915,1,anon_7bff93fa-793a-4809-9158-82e7bd59c5ba,08f47a39-a022-4b4a-bb38-955e4dbd8e7c,,9691,EKTA World Wide Travel Insurance + Covid,CPS,0.0,0.8259,keyword,2026-02-11 18:07:20
b58f1f44-7e2f-4d62-b176-564381b5b3a2,1,anon_7bff93fa-793a-4809-9158-82e7bd59c5ba,08f47a39-a022-4b4a-bb38-955e4dbd8e7c,,9308,Dash Cam - DashOne Pro - CTC $69.99 - All Coutries,CPA,56.25,0.8256,keyword,2026-02-11 18:09:28
ecda81be-2071-4772-8602-98f6e8216708,1,anon_7bff93fa-793a-4809-9158-82e7bd59c5ba,08f47a39-a022-4b4a-bb38-955e4dbd8e7c,,9303,GPS Air Tag - iTagPro - CTC $41.99 - All Coutries,CPA,45.0,0.8256,keyword,2026-02-11 18:10:13
b76957c9-3750-41cf-b20c-f8cc8daf8a4b,1,902a3d6f-1fe9-4444-bbbd-f4d2f2676328,138b9cc7-1a6b-431c-bdad-e7e98348f77f,DE,9169,iPhone 17 Pro Quiz,CPA,1.2,1.0,keyword,2026-02-12 23:03:48
8d05a27e-36f1-4818-9d0d-4f70c4a93ded,1,38d27cb3-82c9-4221-827f-c10f903aa8ad,b6b79f88-1108-4721-a146-da0959d610ef,,9306,Air Purifier - Clairu - CTC $39.95 - All Coutries,CPA,37.5,0.8291,keyword,2026-02-13 02:16:30
b8d4085d-0c55-4cbe-b752-c9d6639d8a30,1,38d27cb3-82c9-4221-827f-c10f903aa8ad,b6b79f88-1108-4721-a146-da0959d610ef,,9306,Air Purifier - Clairu - CTC $39.95 - All Coutries,CPA,37.5,0.8275,keyword,2026-02-13 02:17:36
6b63d370-28bf-403a-af94-ca59fb45699c,1,68ed4dfc-a603-4b88-9aba-93b949c08745,701c10aa-c890-4f0b-9a56-a34b6de76b0d,,9306,Air Purifier - Clairu - CTC $39.95 - All Coutries,CPA,37.5,0.8265,keyword,2026-02-13 22:26:00
f5b828fc-6d28-4103-82bf-2ee93cbb6b6d,1,6644455a-84a9-42dd-9240-0759690b636c,1c420be6-ecd8-4093-a389-3de6b1374f29,IT,9558,SisalFunClub - CPR - Android Only,CPA,3.55,0.8316,keyword,2026-02-13 23:39:54
3d24ca17-f4c3-4d11-bc26-04633592ca68,1,6644455a-84a9-42dd-9240-0759690b636c,1c420be6-ecd8-4093-a389-3de6b1374f29,IT,9306,Air Purifier - Clairu - CTC $39.95 - All Coutries,CPA,37.5,0.8259,keyword,2026-02-13 23:42:27
7738840b-4e6e-4a0b-9c0e-6d698d6688b1,1,6644455a-84a9-42dd-9240-0759690b636c,1c420be6-ecd8-4093-a389-3de6b1374f29,IT,9309,Titanium Cutting Board - KatuChef - CTC $59.00 - All Coutries,CPA,48.75,0.87,keyword,2026-02-13 23:43:32
43ac3f00-c53e-4a0f-a0e7-18bfda861a3f,1,6644455a-84a9-42dd-9240-0759690b636c,1c420be6-ecd8-4093-a389-3de6b1374f29,IT,9539,NativeToWear,CPS,0.0,0.9079,keyword,2026-02-13 23:45:27
7fb42e0e-90b6-4bf5-8d2f-1616104fad03,1,6644455a-84a9-42dd-9240-0759690b636c,1c420be6-ecd8-4093-a389-3de6b1374f29,IT,9539,NativeToWear,CPS,0.0,0.9103,keyword,2026-02-13 23:45:52
0ebc0199-24c7-42e8-bed5-539dc276ea3f,1,95df7a97-56df-40b2-863c-f27e1e2a4221,4e0a3976-5cc7-4055-b777-8dc0312709d2,,9309,Titanium Cutting Board - KatuChef - CTC $59.00 - All Coutries,CPA,48.75,0.8443,keyword,2026-02-14 10:18:33
065b9728-78d4-4920-a2eb-bdfa19904177,1,95df7a97-56df-40b2-863c-f27e1e2a4221,4e0a3976-5cc7-4055-b777-8dc0312709d2,,9309,Titanium Cutting Board - KatuChef - CTC $59.00 - All Coutries,CPA,48.75,0.8289,keyword,2026-02-14 10:18:48
33714938-df44-4be1-9d29-55d470d4d321,1,c42dd116-acc1-46ca-954b-ccfeba377940,c0f4c34b-81a9-45ee-b5d8-fb03131dd890,,9309,Titanium Cutting Board - KatuChef - CTC $59.00 - All Coutries,CPA,48.75,0.8362,keyword,2026-02-16 01:02:43
84ab16a7-c8cd-4167-be64-0127485231d0,1,6304b0e4-e6ac-401a-93a1-fa6981577a9f,b9314056-3e5d-4901-a433-d8a2433c0e18,,9309,Titanium Cutting Board - KatuChef - CTC $59.00 - All Coutries,CPA,48.75,0.8303,keyword,2026-02-16 06:03:14
df52a3e2-13dd-4271-a27b-344ea922131c,1,f5d61b98-2b7f-44cd-8f86-e55d0816bfa3,54aeb8bc-50e5-44a9-8f72-618e8e5cbbc7,DE,9664,Freecash,CPA,2.25,0.9803,keyword,2026-02-16 15:39:23
b651e1b7-7008-40f8-bd28-743452c36a08,1,f5d61b98-2b7f-44cd-8f86-e55d0816bfa3,54aeb8bc-50e5-44a9-8f72-618e8e5cbbc7,DE,9169,iPhone 17 Pro Quiz,CPA,1.2,0.9803,keyword,2026-02-16 15:40:04
39ea570e-7a35-48eb-8860-c829ea978149,1,anon_6bd01da3-cf48-49e3-90f8-c4d464705c1e,f01255a3-13ba-4897-abfc-7ca80e5f407b,,9309,Titanium Cutting Board - KatuChef - CTC $59.00 - All Coutries,CPA,48.75,0.8291,keyword,2026-02-17 01:47:54
5d51df9f-34e4-4c23-947e-4715ad297054,1,anon_6bd01da3-cf48-49e3-90f8-c4d464705c1e,f01255a3-13ba-4897-abfc-7ca80e5f407b,,9309,Titanium Cutting Board - KatuChef - CTC $59.00 - All Coutries,CPA,48.75,0.8275,keyword,2026-02-17 01:49:24
7ba859a8-3429-485b-b36a-fbec97ef521f,1,17121c2f-5bd8-4b24-aa8d-38b7b51e1d0f,7e83354a-7eed-43bf-baab-773b214981eb,,9309,Titanium Cutting Board - KatuChef - CTC $59.00 - All Coutries,CPA,48.75,0.8265,keyword,2026-02-17 11:00:42
3a185896-5447-428f-a2f5-5a08a217421c,1,8eced236-b39f-4c44-b1c3-a41f1b110c7b,158b19d0-d65c-4962-ab59-9ba7e7f4870e,EG,9309,Titanium Cutting Board - KatuChef - CTC $59.00 - All Coutries,CPA,48.75,0.8259,keyword,2026-02-17 14:30:43
266bafe4-bc2b-4160-90a2-37d8ae5878f2,1,ad668fc5-40b0-4af1-8b6b-6ae67cb6a979,2bbaf6af-bf2a-4d8f-8a07-446ebaeb9e7f,,9301,Smart TV USB Stick - Flixy - CTC $73.99 - All Coutries,CPA,48.75,0.8318,keyword,2026-02-18 08:54:12
f7d6b340-1e95-4995-b423-eee975cab5c4,1,anon_5de8906f-199b-4c5a-bc04-4b79982643e8,8fc87f7f-cac0-415a-84d3-135bb07acd92,,9301,Smart TV USB Stick - Flixy - CTC $73.99 - All Coutries,CPA,48.75,0.8291,keyword,2026-02-18 13:52:56
96ba54f0-b471-409a-a8c6-56b3a277fd4e,1,anon_5de8906f-199b-4c5a-bc04-4b79982643e8,8fc87f7f-cac0-415a-84d3-135bb07acd92,,9301,Smart TV USB Stick - Flixy - CTC $73.99 - All Coutries,CPA,48.75,0.8275,keyword,2026-02-18 13:53:18
1de0b152-1722-467a-86c3-02a083eba563,1,anon_5de8906f-199b-4c5a-bc04-4b79982643e8,8fc87f7f-cac0-415a-84d3-135bb07acd92,,9301,Smart TV USB Stick - Flixy - CTC $73.99 - All Coutries,CPA,48.75,0.8265,keyword,2026-02-18 13:53:53
36d562d8-76c6-49b3-9f1d-7e122b901ec1,1,a31c9e9c-0403-4a6f-8b24-4dcd6e0f1d09,581cc417-76e8-4d9a-8066-f4be6cd2eac7,CZ,9301,Smart TV USB Stick - Flixy - CTC $73.99 - All Coutries,CPA,48.75,0.8259,keyword,2026-02-18 17:26:48
bb9f58ef-4a37-4965-9c96-2b7ce81817c2,1,0cf9f571-9e68-4be0-8a21-490959920d9b,be25d95c-459a-4f16-949b-b7c6072817d8,DE,9664,Freecash,CPA,2.25,0.9684,keyword,2026-02-18 22:00:16
4e990b54-1d5f-4499-bfc7-3bfa3fa2c8ba,1,1a04235e-c380-451c-a374-620e0760a6cf,fd2e3892-2b46-4dae-854d-6b88c71bba0e,FR,9664,Freecash,CPA,2.25,0.9612,keyword,2026-02-21 22:04:29
8d52856d-02cf-4239-b26e-b9f32d03fac4,1,8e5928f2-418a-4a08-bc29-2414ceaaea26,05ea73fa-7aa9-4de2-87a6-d00c0a13ffb6,,9304,Anti-Bark Collar - NooBark - CTC $59.99 - All Coutries,CPA,45.0,0.8553,keyword,2026-02-22 21:31:44
7dc1aaa0-2f64-4930-9399-926d3d8f2461,1,8e5928f2-418a-4a08-bc29-2414ceaaea26,05ea73fa-7aa9-4de2-87a6-d00c0a13ffb6,,9304,Anti-Bark Collar - NooBark - CTC $59.99 - All Coutries,CPA,45.0,0.8434,keyword,2026-02-22 21:32:19
1d9dc4e0-f118-439e-bafe-424c6899b31f,1,e895bfd6-ae03-47e2-8153-6ab2d8edbb2c,a104b1c8-daf2-4866-9a24-c57282ceeb76,SY,9304,Anti-Bark Collar - NooBark - CTC $59.99 - All Coutries,CPA,45.0,0.8362,keyword,2026-02-23 07:20:45
b4400a71-709f-4507-bb4d-09ee6fa04d2b,1,e895bfd6-ae03-47e2-8153-6ab2d8edbb2c,a104b1c8-daf2-4866-9a24-c57282ceeb76,SY,9304,Anti-Bark Collar - NooBark - CTC $59.99 - All Coutries,CPA,45.0,0.8318,keyword,2026-02-23 07:20:59
cd5adbbd-cd89-450e-828e-144ed14ff705,1,e895bfd6-ae03-47e2-8153-6ab2d8edbb2c,a104b1c8-daf2-4866-9a24-c57282ceeb76,SY,9304,Anti-Bark Collar - NooBark - CTC $59.99 - All Coutries,CPA,45.0,0.8291,keyword,2026-02-23 07:22:40
5f50b395-1261-4a20-8136-9e5116797aee,1,c1b1eb34-a2c1-4314-83bc-f4686a2c97d2,38a8231a-d78f-4957-a609-eb50c827e299,,9304,Anti-Bark Collar - NooBark - CTC $59.99 - All Coutries,CPA,45.0,0.8275,keyword,2026-02-23 11:33:24
b4d71ec0-7fd9-4f51-bbb0-1c6e92c5dfbf,1,anon_80818650-5b71-49c1-9d76-20a8a71f3d26,8c10564d-eda6-4800-8b0f-0baf271becb8,,9304,Anti-Bark Collar - NooBark - CTC $59.99 - All Coutries,CPA,45.0,0.8265,keyword,2026-02-23 12:29:41
ea807554-6aa7-4496-b6a2-446659669458,1,anon_80818650-5b71-49c1-9d76-20a8a71f3d26,8c10564d-eda6-4800-8b0f-0baf271becb8,,9304,Anti-Bark Collar - NooBark - CTC $59.99 - All Coutries,CPA,45.0,0.8259,keyword,2026-02-23 12:31:52
24aa5f5a-3751-46da-a14d-d52f9b9e4114,1,c44b2c53-6547-49ba-a8d1-ff75e9014fc3,ad74547d-4249-4934-bd31-68e78d373cf5,,9307,Driving Glasses - PolorVision - CTC $59.99 - All Coutries,CPA,52.5,0.8291,keyword,2026-02-24 12:20:18
24c31fa3-3143-49b6-8415-ee053c00c32b,1,c44b2c53-6547-49ba-a8d1-ff75e9014fc3,ad74547d-4249-4934-bd31-68e78d373cf5,,9307,Driving Glasses - PolorVision - CTC $59.99 - All Coutries,CPA,52.5,0.8275,keyword,2026-02-24 12:22:06
175f2284-1945-4b4c-9820-f74203495ef5,1,c44b2c53-6547-49ba-a8d1-ff75e9014fc3,ad74547d-4249-4934-bd31-68e78d373cf5,,9307,Driving Glasses - PolorVision - CTC $59.99 - All Coutries,CPA,52.5,0.8265,keyword,2026-02-24 12:22:33
ae5f7001-fd5f-4cae-9e68-bb77e0948ed1,1,anon_7388f1a5-630e-4890-9c16-5235272a1b99,6fd149b5-6c78-4397-878d-a31067428d9a,FR,9664,Freecash,CPA,2.25,0.9568,keyword,2026-02-25 02:35:00
0649add7-6643-4800-b161-b7116ff488af,1,anon_7388f1a5-630e-4890-9c16-5235272a1b99,6fd149b5-6c78-4397-878d-a31067428d9a,FR,9664,Freecash,CPA,2.25,0.9541,keyword,2026-02-25 02:36:33
c78f1778-cb53-49bd-b771-2e8b9ae2dad1,1,anon_7388f1a5-630e-4890-9c16-5235272a1b99,6fd149b5-6c78-4397-878d-a31067428d9a,FR,9664,Freecash,CPA,2.25,0.9525,keyword,2026-02-25 02:38:35
01487601-e1c8-4b56-9d0f-627a240703e2,1,anon_7388f1a5-630e-4890-9c16-5235272a1b99,6fd149b5-6c78-4397-878d-a31067428d9a,FR,9664,Freecash,CPA,2.25,0.9515,keyword,2026-02-25 02:39:50
84bfd7c3-8d38-4488-aa42-f8ca64848e31,1,anon_7388f1a5-630e-4890-9c16-5235272a1b99,6fd149b5-6c78-4397-878d-a31067428d9a,FR,9664,Freecash,CPA,2.25,0.9509,keyword,2026-02-25 02:40:49
129a0b93-5ee1-444f-bc10-e023f6154664,1,01e676e3-be64-4203-a039-217761e3a344,af43d622-f8c6-4d7e-a278-9dfed3f81f8b,,9307,Driving Glasses - PolorVision - CTC $59.99 - All Coutries,CPA,52.5,0.8259,keyword,2026-02-25 09:16:29
ce4cd0cf-3543-46b3-98a5-3fcd5dac50ac,1,c7e5efd5-a2ba-4c40-9986-a3d17d81d240,fad3f0b8-0bb5-4a17-9990-427a9dd86488,,9464,RockWallet LLC - US (Android and iOS Only),CPA,67.5,0.875,keyword,2026-02-26 02:27:26
4f039a92-7d8d-4138-97a5-112106a516d5,1,c7e5efd5-a2ba-4c40-9986-a3d17d81d240,fad3f0b8-0bb5-4a17-9990-427a9dd86488,,9341,18+ Only (3G/Wifi),CPA,0.53,0.875,keyword,2026-02-26 02:29:24
8b75548a-b251-4c8c-bdd2-ada709d3aa54,1,c7e5efd5-a2ba-4c40-9986-a3d17d81d240,fad3f0b8-0bb5-4a17-9990-427a9dd86488,,9534,HotVPN,CPS,0.0,0.875,keyword,2026-02-26 02:30:33
bb137fb4-7144-42b4-8cb8-858163611252,1,ee72017b-e74b-4d84-a54a-faee2b4db54e,92822cbd-3b36-40c3-a58b-78439bbf9c7e,,9531,Cryptomania,CPS,0.0,0.875,keyword,2026-02-26 10:09:52
7efe7988-aaa9-4600-b819-480c25940206,1,718bedaa-9c14-454a-bcaf-e1e080dd637a,e250c1ce-42a7-4295-a435-dca1e929a94f,,9464,RockWallet LLC - US (Android and iOS Only),CPA,67.5,0.8553,keyword,2026-02-26 11:25:53
a4b8e69a-4e86-41fb-81eb-439f1f6b5f24,1,ee89a64d-d3c8-4c7a-aefd-314adafb1764,21f3ecd7-ad8b-469d-9abd-c10be464724b,CZ,9341,18+ Only (3G/Wifi),CPA,0.53,0.8553,keyword,2026-02-26 19:10:35
38db4a0b-0810-4be6-993f-359762ab3956,1,ee89a64d-d3c8-4c7a-aefd-314adafb1764,21f3ecd7-ad8b-469d-9abd-c10be464724b,CZ,9534,HotVPN,CPS,0.0,0.8553,keyword,2026-02-26 19:10:48
287af74c-3348-4403-b058-fc1fe4e88f47,1,ee89a64d-d3c8-4c7a-aefd-314adafb1764,21f3ecd7-ad8b-469d-9abd-c10be464724b,CZ,9531,Cryptomania,CPS,0.0,0.8553,keyword,2026-02-26 19:11:15
ffb9c28e-7b35-4b71-a2a5-89fbb2fca000,1,ee89a64d-d3c8-4c7a-aefd-314adafb1764,21f3ecd7-ad8b-469d-9abd-c10be464724b,CZ,9464,RockWallet LLC - US (Android and iOS Only),CPA,67.5,0.8434,keyword,2026-02-26 19:12:04
141c9287-436a-41b1-be63-290eaa8f930b,1,ee89a64d-d3c8-4c7a-aefd-314adafb1764,21f3ecd7-ad8b-469d-9abd-c10be464724b,CZ,9300,Anti Snoring Mouthpiece - SleepZee - CTC $59.95 (17) - All Coutries,CPA,41.25,0.8434,keyword,2026-02-26 19:12:07
d118576d-7721-4f25-b642-d1af0b21d2dc,1,85225291-458e-4618-8835-9d1f834701b7,95c613c8-5696-4881-95eb-f63f2dc63ee4,,9341,18+ Only (3G/Wifi),CPA,0.53,0.8434,keyword,2026-02-26 20:51:52
f9ce1aec-bd63-4cdb-a151-1b7dc9098f16,1,315dabc3-8e6b-4706-9764-400d4c1beb1a,2713486d-5784-412d-a040-c4dee8383ea0,,9534,HotVPN,CPS,0.0,0.8434,keyword,2026-02-26 21:27:51
aa566c48-001e-48d5-9a0f-fe56538e3932,1,7b419f0e-f719-4737-b2a1-591b646aaaed,e2d639f6-62d4-49ff-a248-51848b86c0bd,,9531,Cryptomania,CPS,0.0,0.8434,keyword,2026-02-27 17:26:52
324699a8-f0ae-4d50-ab78-973790109fe8,1,7b419f0e-f719-4737-b2a1-591b646aaaed,e2d639f6-62d4-49ff-a248-51848b86c0bd,,9464,RockWallet LLC - US (Android and iOS Only),CPA,67.5,0.8362,keyword,2026-02-27 17:27:21
74a1feb2-e4cf-41cc-a2dc-9e4eb71cdb0f,1,anon_8109e9fa-a490-4cbb-ab21-7c84f9d7dda1,92b1c4a0-16f7-4342-a697-f508e2ff6a48,,9300,Anti Snoring Mouthpiece - SleepZee - CTC $59.95 (17) - All Coutries,CPA,41.25,0.8362,keyword,2026-02-27 18:31:09
639c0971-ef09-4653-96f2-d7e147c4e496,1,anon_8109e9fa-a490-4cbb-ab21-7c84f9d7dda1,92b1c4a0-16f7-4342-a697-f508e2ff6a48,,9305,Heater - WellHeater - CTC $49.99 - All Coutries,CPA,52.5,0.8415,keyword,2026-02-27 18:31:17
fdaac66e-2035-4feb-b7ff-4d19adfe95b0,1,3dd5cb39-ccf8-4f74-b748-8817d7ac7708,9518d992-9e0b-4fe6-b47d-8756ef933c0e,,9341,18+ Only (3G/Wifi),CPA,0.53,0.8362,keyword,2026-02-27 20:58:36
3df2df00-2b73-468d-a660-41ca8a6c56ac,1,b595fdba-357c-4f31-9716-53c21554e677,00cef51b-5d5b-4153-b867-b84bd8e897e6,CZ,9534,HotVPN,CPS,0.0,0.8362,keyword,2026-02-27 21:10:18
60b1c506-d81f-4484-b18f-0661815f5b51,1,b595fdba-357c-4f31-9716-53c21554e677,00cef51b-5d5b-4153-b867-b84bd8e897e6,CZ,9531,Cryptomania,CPS,0.0,0.8362,keyword,2026-02-27 21:10:57
9eec906f-cf9d-4b00-939e-e89e6220a337,1,b595fdba-357c-4f31-9716-53c21554e677,00cef51b-5d5b-4153-b867-b84bd8e897e6,CZ,9464,RockWallet LLC - US (Android and iOS Only),CPA,67.5,0.8318,keyword,2026-02-27 21:11:14
286621f8-1a61-4843-b346-49c1cef4717f,1,b595fdba-357c-4f31-9716-53c21554e677,00cef51b-5d5b-4153-b867-b84bd8e897e6,CZ,9300,Anti Snoring Mouthpiece - SleepZee - CTC $59.95 (17) - All Coutries,CPA,41.25,0.8318,keyword,2026-02-27 21:11:44
871a2423-acef-48c1-9c8e-bd8043b7e3e9,1,b595fdba-357c-4f31-9716-53c21554e677,00cef51b-5d5b-4153-b867-b84bd8e897e6,CZ,9341,18+ Only (3G/Wifi),CPA,0.53,0.8318,keyword,2026-02-27 21:12:28
17bde6ac-6fdb-4388-87f4-cf2499660957,1,anon_46b0376d-42fb-469e-a311-4de557e053ca,32755970-0953-4a25-8245-0549bbe3521d,CA,9417,System Mechanic Ultimate Defense,CPA,48.75,1.0,keyword,2026-02-28 02:44:27
d8af87fb-a59a-4800-bca6-b4286996d13d,1,anon_46b0376d-42fb-469e-a311-4de557e053ca,32755970-0953-4a25-8245-0549bbe3521d,CA,9416,System Mechanic,CPA,48.75,1.0,keyword,2026-02-28 02:45:09
703b14f7-62f4-4c97-8310-ca3f05fc3bc0,1,2a797ced-3f57-4a54-bdf5-4c608e98a75a,a78f6bd2-34a0-4189-92b4-ff40fa56b386,,9534,HotVPN,CPS,0.0,0.8318,keyword,2026-03-01 02:48:15
6916a458-ae94-40f1-b50c-4e9f26fae544,1,1b6753bd-7cf4-4c13-bb7b-16a371bf43de,736218fd-1de9-4731-9f8a-d8ec7035a030,,9531,Cryptomania,CPS,0.0,0.8318,keyword,2026-03-01 05:25:04
e2894247-df5f-4f0d-adfe-1f98d616f91f,1,b0c1cb8a-54a3-4bf1-81f9-b979bab26b1a,4b96f995-88dd-40f8-9d69-100ccfe13a7c,,9464,RockWallet LLC - US (Android and iOS Only),CPA,67.5,0.8291,keyword,2026-03-01 23:00:41
31c568ce-603a-471f-b5f4-c2a7e7d4e71e,1,bce7f2d9-69ed-4e42-82a0-16608d5de58a,a9c519fc-b9d3-460c-bf41-64de99315a1c,SY,9300,Anti Snoring Mouthpiece - SleepZee - CTC $59.95 (17) - All Coutries,CPA,41.25,0.8291,keyword,2026-03-03 12:58:36
08b392ea-1fdd-472a-a2dc-e772ec5230e0,1,bce7f2d9-69ed-4e42-82a0-16608d5de58a,a9c519fc-b9d3-460c-bf41-64de99315a1c,SY,9341,18+ Only (3G/Wifi),CPA,0.53,0.8291,keyword,2026-03-03 12:59:02
a536b529-1f4e-479e-bb0b-9bdb5af3b08c,1,bce7f2d9-69ed-4e42-82a0-16608d5de58a,a9c519fc-b9d3-460c-bf41-64de99315a1c,SY,9534,HotVPN,CPS,0.0,0.8291,keyword,2026-03-03 12:59:44
f086c2b7-7e0a-402d-8e19-b0dcf93e28e4,1,bce7f2d9-69ed-4e42-82a0-16608d5de58a,a9c519fc-b9d3-460c-bf41-64de99315a1c,SY,9531,Cryptomania,CPS,0.0,0.8291,keyword,2026-03-03 13:00:07
34ae10a9-8562-47e5-82a3-4c217234e0ce,1,bce7f2d9-69ed-4e42-82a0-16608d5de58a,a9c519fc-b9d3-460c-bf41-64de99315a1c,SY,9464,RockWallet LLC - US (Android and iOS Only),CPA,67.5,0.8275,keyword,2026-03-03 13:00:08
d4283957-987a-47bd-8e94-7d88a276426b,1,cac158eb-9427-41df-96ae-d14bcb84a2f5,e5888f55-c994-4f15-ae42-77b35b162183,,9300,Anti Snoring Mouthpiece - SleepZee - CTC $59.95 (17) - All Coutries,CPA,41.25,0.8275,keyword,2026-03-03 19:03:18
a8f4af22-3e08-4b74-83b4-fb2a1cb9ca87,1,cac158eb-9427-41df-96ae-d14bcb84a2f5,e5888f55-c994-4f15-ae42-77b35b162183,,9341,18+ Only (3G/Wifi),CPA,0.53,0.8275,keyword,2026-03-03 19:03:38
83b322fd-51b8-4c0f-9590-fa8b53f2e8c5,1,cac158eb-9427-41df-96ae-d14bcb84a2f5,e5888f55-c994-4f15-ae42-77b35b162183,,9534,HotVPN,CPS,0.0,0.8275,keyword,2026-03-03 19:04:04
3a4ed89e-2b5c-4b46-ba50-6e57fbcb9e15,1,cac158eb-9427-41df-96ae-d14bcb84a2f5,e5888f55-c994-4f15-ae42-77b35b162183,,9531,Cryptomania,CPS,0.0,0.8275,keyword,2026-03-03 19:04:27
1565757d-10de-4ee4-ada6-8d4341fd22f2,1,c2273b64-4f45-4d1d-84c4-9fb99d7bb31e,0c163f07-0e92-4b9c-b779-5d36fde6f7af,CZ,9464,RockWallet LLC - US (Android and iOS Only),CPA,67.5,0.8265,keyword,2026-03-03 22:31:53
209821a9-98e8-4c2a-b259-6cbb835ad455,1,d427f186-adee-4e4a-8835-2c0b4c4a20a8,1df19b95-6be4-40e7-adf4-425669e25aff,EG,9300,Anti Snoring Mouthpiece - SleepZee - CTC $59.95 (17) - All Coutries,CPA,41.25,0.8265,keyword,2026-03-04 06:51:36
6c38769f-40a9-46db-b035-75a55a9097bc,1,d427f186-adee-4e4a-8835-2c0b4c4a20a8,1df19b95-6be4-40e7-adf4-425669e25aff,EG,9341,18+ Only (3G/Wifi),CPA,0.53,0.8265,keyword,2026-03-04 06:51:55
a2410c44-5e7a-4941-b2f1-35263faf9fec,1,d427f186-adee-4e4a-8835-2c0b4c4a20a8,1df19b95-6be4-40e7-adf4-425669e25aff,EG,9534,HotVPN,CPS,0.0,0.8265,keyword,2026-03-04 06:52:05
0d4c8476-2c16-4f9c-aa23-9d1e1d22fbb9,1,d427f186-adee-4e4a-8835-2c0b4c4a20a8,1df19b95-6be4-40e7-adf4-425669e25aff,EG,9531,Cryptomania,CPS,0.0,0.8265,keyword,2026-03-04 06:52:22
236ac7b0-ea1c-4905-b3e2-e9092e35edc3,1,d427f186-adee-4e4a-8835-2c0b4c4a20a8,1df19b95-6be4-40e7-adf4-425669e25aff,EG,9464,RockWallet LLC - US (Android and iOS Only),CPA,67.5,0.8259,keyword,2026-03-04 06:52:36
0fb42bbc-7244-4973-8f1d-1b608524c224,1,53bac267-f62d-4b9b-bca2-d3ffa12eb733,d998b03e-90c6-46d5-a0d4-6f8c783901e4,,9300,Anti Snoring Mouthpiece - SleepZee - CTC $59.95 (17) - All Coutries,CPA,41.25,0.8259,keyword,2026-03-04 17:02:35
d139fcc8-5827-4431-ac14-ff1e8115ae3f,1,53bac267-f62d-4b9b-bca2-d3ffa12eb733,d998b03e-90c6-46d5-a0d4-6f8c783901e4,,9341,18+ Only (3G/Wifi),CPA,0.53,0.8259,keyword,2026-03-04 17:03:12
fc1750de-5850-484d-be89-382825ed1822,1,53bac267-f62d-4b9b-bca2-d3ffa12eb733,d998b03e-90c6-46d5-a0d4-6f8c783901e4,,9534,HotVPN,CPS,0.0,0.8259,keyword,2026-03-04 17:04:24
f173facf-cdae-4adc-9d70-2f8429d0eb49,1,53bac267-f62d-4b9b-bca2-d3ffa12eb733,d998b03e-90c6-46d5-a0d4-6f8c783901e4,,9531,Cryptomania,CPS,0.0,0.8259,keyword,2026-03-04 17:05:29
569aae73-3394-4c2c-bf7d-f3d8aef692a7,1,954e32b6-8518-4383-9b1c-4c6fe3297761,822bd97a-db57-450d-89f6-a1089c5cbefb,US,9327,Alt Lending,CPA,225.0,1.0,keyword,2026-03-06 02:56:00
7054340b-a30f-4073-a466-da6ba127347c,1,anon_28fc8d30-2ced-4a4c-80fa-6d442b9ad7b0,d09aa0f9-dcd0-4725-b390-0e0614e13903,ES,9625,Solcredito - Loans,CPS,0.0,1.0,keyword,2026-03-06 12:08:09
48c57398-49a1-4b3c-bc9f-7e3e5ba130c5,1,anon_28fc8d30-2ced-4a4c-80fa-6d442b9ad7b0,d09aa0f9-dcd0-4725-b390-0e0614e13903,ES,9625,Solcredito - Loans,CPS,0.0,0.9803,keyword,2026-03-06 12:08:28
c6bb44be-9c7e-40a5-ab49-305943235816,1,ab0d6f16-7414-43d6-ba34-dfe7a0983e27,2517b396-c315-42fb-908e-f5d99b76b3ac,ES,9625,Solcredito - Loans,CPS,0.0,0.9684,keyword,2026-03-06 23:39:51
1024b7cf-c63d-4698-8747-f576de209bd3,1,anon_c10a4245-ceab-4a75-97a7-b40301401802,29b84cb3-eb6c-452a-a86c-86f280ebfabb,GB,9676,Klikomics 7 Day Free Trial,CPA,7.5,1.0,keyword,2026-03-14 07:48:57
62110ff0-db30-4c6f-ab23-fbec7f13e78e,1,8e141001-8091-460c-9e6e-1caa976de3b7,9bb5e9ec-2547-4225-b296-79c5cfa84551,DE,9550,DM Tokenized Gold,CPS,0.0,1.0,keyword,2026-03-15 21:22:37
fff42cb3-4f3e-4f39-bd61-730ecb430898,3,d2caf80c-b739-42bb-901f-7e013702ea17,95bd9be6-f2a3-4fc4-bbc0-8c9fad12abe6,,9308,Dash Cam - DashOne Pro - CTC $69.99 - All Coutries,CPA,56.25,0.8362,keyword,2026-02-06 12:35:45
dbc0cfc7-fae1-4e00-aa49-ffd7ff0287e1,3,d2caf80c-b739-42bb-901f-7e013702ea17,95bd9be6-f2a3-4fc4-bbc0-8c9fad12abe6,,9464,RockWallet LLC - US (Android and iOS Only),CPA,67.5,0.875,keyword,2026-02-06 12:38:46
4f8ac9ff-658a-4108-99a4-fa1a49de1f1d,3,d2caf80c-b739-42bb-901f-7e013702ea17,95bd9be6-f2a3-4fc4-bbc0-8c9fad12abe6,,9464,RockWallet LLC - US (Android and iOS Only),CPA,67.5,0.8553,keyword,2026-02-06 12:39:11
77952f61-dc72-4e2d-a6f2-8b234f60fe2b,3,d2caf80c-b739-42bb-901f-7e013702ea17,95bd9be6-f2a3-4fc4-bbc0-8c9fad12abe6,,9464,RockWallet LLC - US (Android and iOS Only),CPA,67.5,0.8434,keyword,2026-02-06 12:39:13
f86adf4a-37d5-4ad6-af85-56c00e724372,3,d2caf80c-b739-42bb-901f-7e013702ea17,95bd9be6-f2a3-4fc4-bbc0-8c9fad12abe6,,9464,RockWallet LLC - US (Android and iOS Only),CPA,67.5,0.8362,keyword,2026-02-06 12:39:13
b4adc780-238d-46aa-b8c8-5c308ea6e0cc,3,5cb59d4a-d9ec-4a72-a92c-117d88350652,ed7291c9-919d-4d2e-bf04-8c457728d243,RS,9464,RockWallet LLC - US (Android and iOS Only),CPA,67.5,0.8318,keyword,2026-02-09 17:11:46
a312e196-40c5-47d2-993f-93e1dbb4ca1b,3,85056bd5-bef6-414b-8ab2-13c85b289da9,a62468fc-9003-400a-a5bf-d435e1fcbeef,NL,9453,Native Markets DMO,CPS,0.0,0.887,keyword,2026-02-10 16:54:56
c1e24aa6-bede-4fac-991a-0369fcfabbd0,3,8e057479-056b-4a2a-a59a-b4d572fa5b2a,7144b64f-6237-45e3-92f2-6bb1703b0e40,,9308,Dash Cam - DashOne Pro - CTC $69.99 - All Coutries,CPA,56.25,0.8318,keyword,2026-02-11 22:29:23
f3d7a0ed-6acd-42e8-8814-f1c5919135e1,3,8e057479-056b-4a2a-a59a-b4d572fa5b2a,7144b64f-6237-45e3-92f2-6bb1703b0e40,,9464,RockWallet LLC - US (Android and iOS Only),CPA,67.5,0.8291,keyword,2026-02-11 22:30:51
84d40513-e58b-4569-b5b4-c205fb1fd059,3,8e057479-056b-4a2a-a59a-b4d572fa5b2a,7144b64f-6237-45e3-92f2-6bb1703b0e40,,9464,RockWallet LLC - US (Android and iOS Only),CPA,67.5,0.8275,keyword,2026-02-11 22:32:02
1551e061-2960-4a17-b9aa-86ae2f562709,3,b02fe30d-e995-463a-80eb-535e30c17e96,4aaeb3d3-0fd3-42ce-aa11-7b0212cd64ec,,9464,RockWallet LLC - US (Android and iOS Only),CPA,67.5,0.8265,keyword,2026-02-14 10:06:14
6c65093b-7e33-48b3-b955-0ec74e45aad1,3,31e30148-a857-451a-a71b-932a9f056062,fc66d516-c9af-41a6-8905-98667ced8986,,9303,GPS Air Tag - iTagPro - CTC $41.99 - All Coutries,CPA,45.0,0.8275,keyword,2026-02-26 19:40:40
e793cb4d-5ec1-4d68-b4c3-eb0523c5ef1c,3,anon_8109e9fa-a490-4cbb-ab21-7c84f9d7dda1,92b1c4a0-16f7-4342-a697-f508e2ff6a48,,9308,Dash Cam - DashOne Pro - CTC $69.99 - All Coutries,CPA,56.25,0.8291,keyword,2026-02-27 18:33:45
0f593a12-b6dd-4ffb-b55b-5e827534325e,3,ee89a64d-d3c8-4c7a-aefd-314adafb1764,cc3e73ab-c6f0-4dbf-ad15-b09d94398c34,CZ,9303,GPS Air Tag - iTagPro - CTC $41.99 - All Coutries,CPA,45.0,0.8265,keyword,2026-02-27 19:47:28
674622d8-3940-4c67-88cd-3113dfeba2ad,3,ee89a64d-d3c8-4c7a-aefd-314adafb1764,cc3e73ab-c6f0-4dbf-ad15-b09d94398c34,CZ,9303,GPS Air Tag - iTagPro - CTC $41.99 - All Coutries,CPA,45.0,0.8259,keyword,2026-02-27 19:47:41
20289a49-df85-4866-a96b-dd9c68674c35,3,anon_46b0376d-42fb-469e-a311-4de557e053ca,32755970-0953-4a25-8245-0549bbe3521d,CA,9696,Snaplii Inc.,CPA,15.0,0.9989,keyword,2026-02-28 02:52:36
915fa79a-7f06-4039-bea6-2a2a357ed2f0,3,c4e35449-264e-46cd-9600-96f9e12dee80,017b3694-a763-42de-ae13-3e272a5e7e58,CH,9664,Freecash,CPA,2.25,0.8624,keyword,2026-03-04 09:58:29
03e31f8f-5674-4da4-ae0a-d66f716dfcab,3,c4e35449-264e-46cd-9600-96f9e12dee80,017b3694-a763-42de-ae13-3e272a5e7e58,CH,9664,Freecash,CPA,2.25,0.838,keyword,2026-03-04 09:58:52
961c5186-caba-4765-a52d-15ea5baacaa4,3,c4e35449-264e-46cd-9600-96f9e12dee80,017b3694-a763-42de-ae13-3e272a5e7e58,CH,9308,Dash Cam - DashOne Pro - CTC $69.99 - All Coutries,CPA,56.25,0.8275,keyword,2026-03-04 09:59:07
9e63c6ae-4e29-4917-985c-c1d1914d7898,3,c4e35449-264e-46cd-9600-96f9e12dee80,017b3694-a763-42de-ae13-3e272a5e7e58,CH,9308,Dash Cam - DashOne Pro - CTC $69.99 - All Coutries,CPA,56.25,0.8265,keyword,2026-03-04 09:59:48
4366e3df-a8af-4474-aff1-e2bf64c19991,3,c4e35449-264e-46cd-9600-96f9e12dee80,017b3694-a763-42de-ae13-3e272a5e7e58,CH,9308,Dash Cam - DashOne Pro - CTC $69.99 - All Coutries,CPA,56.25,0.8259,keyword,2026-03-04 10:00:14
691c22fe-816f-4f34-8b48-b5660ddf3f92,3,c4e35449-264e-46cd-9600-96f9e12dee80,017b3694-a763-42de-ae13-3e272a5e7e58,CH,9308,Dash Cam - DashOne Pro - CTC $69.99 - All Coutries,CPA,56.25,0.8256,keyword,2026-03-04 10:00:15
149fb9a6-7d88-4820-a2a3-0f5ff669ae87,3,ab0d6f16-7414-43d6-ba34-dfe7a0983e27,2517b396-c315-42fb-908e-f5d99b76b3ac,ES,9303,GPS Air Tag - iTagPro - CTC $41.99 - All Coutries,CPA,45.0,0.8256,keyword,2026-03-06 23:44:52
8d7a7e01-1348-4ed3-8fe0-e6b80053cf23,3,256918b3-1d6b-4a3e-bf36-99b812d6bc79,8d4ad858-3317-4fc3-adde-4890f84a80a8,,9308,Dash Cam - DashOne Pro - CTC $69.99 - All Coutries,CPA,56.25,0.8253,keyword,2026-03-07 05:23:20
8ccbcf6b-51b5-4914-a45f-94653f11bd4c,3,f9fcd6fd-f69b-4d2a-95a3-074cad325587,83ff472d-28e3-4fe7-8504-b84be88b2674,,9303,GPS Air Tag - iTagPro - CTC $41.99 - All Coutries,CPA,45.0,0.8253,keyword,2026-03-09 16:44:02
12dac3c5-77ed-4efb-808d-8586abf9c12e,3,58d2f2d6-8eac-4a03-945a-a762d28029df,c518c4e2-5f73-471c-953b-247939ee9894,,9308,Dash Cam - DashOne Pro - CTC $69.99 - All Coutries,CPA,56.25,0.8252,keyword,2026-03-09 17:04:15
c0fff15e-2155-47e5-8b17-594991b7e004,3,9bbf5fdd-929a-4a8c-b39c-8e1159c6f96a,2c8f5886-a272-41fe-a178-533586e589fc,IT,9309,Titanium Cutting Board - KatuChef - CTC $59.00 - All Coutries,CPA,48.75,0.8391,keyword,2026-03-16 05:02:23
ec9bd57c-f156-4eeb-8860-9c8afa87af24,3,9bbf5fdd-929a-4a8c-b39c-8e1159c6f96a,2c8f5886-a272-41fe-a178-533586e589fc,IT,9309,Titanium Cutting Board - KatuChef - CTC $59.00 - All Coutries,CPA,48.75,0.8279,keyword,2026-03-16 05:02:40
a3070cfe-cb8b-4821-95b9-50ecc9dbe3dc,2,d2caf80c-b739-42bb-901f-7e013702ea17,f4cd405f-9fae-4fba-8083-97304c0bc73f,,9464,RockWallet LLC - US (Android and iOS Only),CPA,67.5,0.875,keyword,2026-02-06 12:19:50
59760397-98f4-49b7-a8ca-0e689ae79432,2,a5283748-dca4-4f6c-94ff-39f443262505,191d7ca9-d79b-4318-8b41-e3793942d8d2,US,9652,Medvi,CPA,90.0,1.0,keyword,2026-02-06 22:53:23
b7170a63-1c45-4d5d-8152-dfb2dfa02383,2,c38c3cc7-e2bc-42aa-a459-c90c18c63dac,6b6c0334-e96e-4d55-b1b3-e020f32e88a1,,9300,Anti Snoring Mouthpiece - SleepZee - CTC $59.95 (17) - All Coutries,CPA,41.25,0.8553,keyword,2026-02-07 02:12:58
2c82db35-8e6f-4e86-a65d-8957e1d28c7a,2,43d037fe-74e7-4c14-adbc-7d8a6a0051ad,4126d0b8-0940-4bb5-84fc-5826a18664c3,,9300,Anti Snoring Mouthpiece - SleepZee - CTC $59.95 (17) - All Coutries,CPA,41.25,0.8434,keyword,2026-02-07 04:13:44
09ef3ce5-7416-453a-9714-3a1f6c56be78,2,anon_37c72d76-45fd-473d-a436-cf7e1a251bed,a3992ab2-111f-4a71-94a0-b01973f8328c,,9300,Anti Snoring Mouthpiece - SleepZee - CTC $59.95 (17) - All Coutries,CPA,41.25,0.8362,keyword,2026-02-08 16:58:53
08b3cf09-da4e-4882-a7fc-282a094ab64e,2,90bb40db-50b9-4f2b-96d7-06ac5ddec8af,30cf6c6a-fa93-49e9-9af9-82b05c84f3f9,EG,9300,Anti Snoring Mouthpiece - SleepZee - CTC $59.95 (17) - All Coutries,CPA,41.25,0.8318,keyword,2026-02-10 00:09:39
7dafc522-2388-4d71-a7de-e4d6ecdd236b,2,90bb40db-50b9-4f2b-96d7-06ac5ddec8af,30cf6c6a-fa93-49e9-9af9-82b05c84f3f9,EG,9300,Anti Snoring Mouthpiece - SleepZee - CTC $59.95 (17) - All Coutries,CPA,41.25,0.8291,keyword,2026-02-10 00:10:18
205de510-549e-44aa-b8ca-103b7012fb01,2,85056bd5-bef6-414b-8ab2-13c85b289da9,a62468fc-9003-400a-a5bf-d435e1fcbeef,NL,9076,Titan Transform - Nutra,CPA,110.0,0.8779,keyword,2026-02-10 16:54:16
316ed80e-6788-48fa-9011-800fff56f082,2,902a3d6f-1fe9-4444-bbbd-f4d2f2676328,1e3f4b75-c598-462c-b6bb-644d44ef0b1f,DE,9169,iPhone 17 Pro Quiz,CPA,1.2,0.8356,keyword,2026-02-12 23:57:29
bb574762-2361-4d5c-9689-ed680587bf9f,2,902a3d6f-1fe9-4444-bbbd-f4d2f2676328,1e3f4b75-c598-462c-b6bb-644d44ef0b1f,DE,9169,iPhone 17 Pro Quiz,CPA,1.2,0.9732,keyword,2026-02-12 23:58:09
11d7e053-23f1-4efc-bd16-5f66ef5e39dd,2,902a3d6f-1fe9-4444-bbbd-f4d2f2676328,1e3f4b75-c598-462c-b6bb-644d44ef0b1f,DE,9169,iPhone 17 Pro Quiz,CPA,1.2,0.9684,keyword,2026-02-12 23:59:26
48098f8c-d123-4856-a04e-7686691403e2,2,79f3e26d-0f2c-44e1-8007-26372797222a,bfaa40a4-eb96-494b-98ea-2e5e2710e8f7,,9309,Titanium Cutting Board - KatuChef - CTC $59.00 - All Coutries,CPA,48.75,0.875,keyword,2026-02-13 08:03:13
826120f0-f1de-4fe4-a8bd-56b69b69d061,2,79f3e26d-0f2c-44e1-8007-26372797222a,bfaa40a4-eb96-494b-98ea-2e5e2710e8f7,,9309,Titanium Cutting Board - KatuChef - CTC $59.00 - All Coutries,CPA,48.75,0.8553,keyword,2026-02-13 08:04:12
6d78f190-abcc-4ece-a5ac-947e539c191a,2,79f3e26d-0f2c-44e1-8007-26372797222a,bfaa40a4-eb96-494b-98ea-2e5e2710e8f7,,9309,Titanium Cutting Board - KatuChef - CTC $59.00 - All Coutries,CPA,48.75,0.8434,keyword,2026-02-13 08:22:30
50b3aa48-8a07-420a-85a6-9dc07fc6197c,2,79f3e26d-0f2c-44e1-8007-26372797222a,bfaa40a4-eb96-494b-98ea-2e5e2710e8f7,,9309,Titanium Cutting Board - KatuChef - CTC $59.00 - All Coutries,CPA,48.75,0.8362,keyword,2026-02-13 09:03:44
d7f66323-858e-4cb9-9b16-fd95b881f457,2,79f3e26d-0f2c-44e1-8007-26372797222a,bfaa40a4-eb96-494b-98ea-2e5e2710e8f7,,9309,Titanium Cutting Board - KatuChef - CTC $59.00 - All Coutries,CPA,48.75,0.8318,keyword,2026-02-13 09:05:30
25f75827-d06f-4687-8a47-bfdee3da1fa9,2,79f3e26d-0f2c-44e1-8007-26372797222a,bfaa40a4-eb96-494b-98ea-2e5e2710e8f7,,9309,Titanium Cutting Board - KatuChef - CTC $59.00 - All Coutries,CPA,48.75,0.8291,keyword,2026-02-13 09:05:31
7ead2488-9b4b-4fa8-99bc-f7437413c4ea,2,86ddd7c2-7f7e-4ead-bab1-3eae3af69b75,9347f819-fc55-41fc-a460-da660a695605,FR,9664,Freecash,CPA,2.25,1.0,keyword,2026-02-18 06:47:50
5ee0e0df-25e4-482d-bb9a-5c6e0579b2dc,2,0cf9f571-9e68-4be0-8a21-490959920d9b,be25d95c-459a-4f16-949b-b7c6072817d8,DE,9664,Freecash,CPA,2.25,0.9803,keyword,2026-02-18 22:02:15
206cf92b-fd82-476d-801b-358b4995a1bb,2,0cf9f571-9e68-4be0-8a21-490959920d9b,be25d95c-459a-4f16-949b-b7c6072817d8,DE,9664,Freecash,CPA,2.25,0.9684,keyword,2026-02-18 22:02:52
c39cbb25-a5ca-478e-b251-b5a2a22bc8eb,2,0cf9f571-9e68-4be0-8a21-490959920d9b,be25d95c-459a-4f16-949b-b7c6072817d8,DE,9664,Freecash,CPA,2.25,0.9612,keyword,2026-02-18 22:03:23
a80209db-ca4e-468b-9e5e-4e8d6dcdeffa,2,8d18f9d4-aa61-483e-af57-669ac29d4992,e3a4391b-cf5a-4427-9034-351f9b78e925,,9039,Surfshark Antivirus,CPA,9.0,0.8363,keyword,2026-02-27 04:39:46
7bc5fe4e-fe96-485b-802b-bd70fd2490dc,2,anon_46b0376d-42fb-469e-a311-4de557e053ca,32755970-0953-4a25-8245-0549bbe3521d,CA,9696,Snaplii Inc.,CPA,15.0,1.0,keyword,2026-02-28 02:47:12
9c4d908c-4e3f-44bc-bfa7-8b22787953cf,2,anon_46b0376d-42fb-469e-a311-4de557e053ca,32755970-0953-4a25-8245-0549bbe3521d,CA,9696,Snaplii Inc.,CPA,15.0,0.9803,keyword,2026-02-28 02:47:42
1ab75a30-c69d-47ff-bbac-b9fdc8494b3e,2,anon_46b0376d-42fb-469e-a311-4de557e053ca,32755970-0953-4a25-8245-0549bbe3521d,CA,9696,Snaplii Inc.,CPA,15.0,0.9684,keyword,2026-02-28 02:49:42
2d158b53-7131-4fc3-9942-2f3cc8eab966,2,1b6753bd-7cf4-4c13-bb7b-16a371bf43de,736218fd-1de9-4731-9f8a-d8ec7035a030,,9303,GPS Air Tag - iTagPro - CTC $41.99 - All Coutries,CPA,45.0,0.875,keyword,2026-03-01 05:26:27
7718af21-bb9b-4811-9465-1117e2717c17,2,anon_754a246e-d4ac-4b80-b28b-d41a9f631c3e,9d5d273e-3280-4ed5-a9ff-caba40ab80d7,,9303,GPS Air Tag - iTagPro - CTC $41.99 - All Coutries,CPA,45.0,0.8553,keyword,2026-03-01 19:46:11
8737d442-3ffe-4548-83a7-515f0dc85f1b,2,anon_754a246e-d4ac-4b80-b28b-d41a9f631c3e,9d5d273e-3280-4ed5-a9ff-caba40ab80d7,,9039,Surfshark Antivirus,CPA,9.0,0.8553,keyword,2026-03-01 19:47:18
bf6b7864-6ded-4a7d-9648-6d02305cb796,2,1e673264-8619-4621-964c-2f2a4a2b5061,74d4e4aa-945c-4472-a278-7f2f09738f8d,,9303,GPS Air Tag - iTagPro - CTC $41.99 - All Coutries,CPA,45.0,0.8434,keyword,2026-03-03 20:25:16
c7e56b55-c25f-4cfe-99d9-fba580fd4bfa,2,1e673264-8619-4621-964c-2f2a4a2b5061,74d4e4aa-945c-4472-a278-7f2f09738f8d,,9039,Surfshark Antivirus,CPA,9.0,0.8434,keyword,2026-03-03 20:25:30
45d1eb96-e4df-4325-bf71-d06be5b1be54,2,1e673264-8619-4621-964c-2f2a4a2b5061,74d4e4aa-945c-4472-a278-7f2f09738f8d,,9303,GPS Air Tag - iTagPro - CTC $41.99 - All Coutries,CPA,45.0,0.8362,keyword,2026-03-03 20:26:41
3bf21480-ba8d-440e-bd3d-01b5a64a1dea,2,c2273b64-4f45-4d1d-84c4-9fb99d7bb31e,0c163f07-0e92-4b9c-b779-5d36fde6f7af,CZ,9039,Surfshark Antivirus,CPA,9.0,0.8362,keyword,2026-03-03 22:33:33
05ba7790-eb94-4953-a82a-8a891860c942,2,c4e35449-264e-46cd-9600-96f9e12dee80,017b3694-a763-42de-ae13-3e272a5e7e58,CH,9664,Freecash,CPA,2.25,0.9568,keyword,2026-03-04 09:56:19
b131a6b2-6628-4df0-8131-dbf72a1535c9,2,e8bca4cd-c6ec-4f19-95de-fd4ed415972c,344ae5fe-5dc6-4b7c-ba00-ced972d7f5f8,,9691,EKTA World Wide Travel Insurance + Covid,CPS,0.0,0.8553,keyword,2026-03-06 07:44:20
74d87873-37f6-4e18-ba09-699c9dab5d72,2,e8bca4cd-c6ec-4f19-95de-fd4ed415972c,344ae5fe-5dc6-4b7c-ba00-ced972d7f5f8,,9307,Driving Glasses - PolorVision - CTC $59.99 - All Coutries,CPA,52.5,0.8434,keyword,2026-03-06 07:47:42
7767eba0-dd81-4f16-bb92-462114ad38cd,2,e8bca4cd-c6ec-4f19-95de-fd4ed415972c,344ae5fe-5dc6-4b7c-ba00-ced972d7f5f8,,9691,EKTA World Wide Travel Insurance + Covid,CPS,0.0,0.8434,keyword,2026-03-06 07:50:45
701d4e7a-e832-4383-8e04-6c5a3e53cc15,2,e8bca4cd-c6ec-4f19-95de-fd4ed415972c,344ae5fe-5dc6-4b7c-ba00-ced972d7f5f8,,9307,Driving Glasses - PolorVision - CTC $59.99 - All Coutries,CPA,52.5,0.8362,keyword,2026-03-06 07:52:33
f13ec92f-433a-466e-85f1-e65402015302,2,anon_28fc8d30-2ced-4a4c-80fa-6d442b9ad7b0,d09aa0f9-dcd0-4725-b390-0e0614e13903,ES,9625,Solcredito - Loans,CPS,0.0,1.0,keyword,2026-03-06 12:09:12
85d36327-50b2-4e43-a232-bf5b8b4ec041,2,anon_28fc8d30-2ced-4a4c-80fa-6d442b9ad7b0,d09aa0f9-dcd0-4725-b390-0e0614e13903,ES,9625,Solcredito - Loans,CPS,0.0,0.9803,keyword,2026-03-06 12:09:29
23571e48-1cb1-47d6-b168-b16d814446b7,2,anon_28fc8d30-2ced-4a4c-80fa-6d442b9ad7b0,d09aa0f9-dcd0-4725-b390-0e0614e13903,ES,9625,Solcredito - Loans,CPS,0.0,0.9684,keyword,2026-03-06 12:09:47
fca86ffe-3d81-4bcd-88ca-cb789b5c7b21,2,ab0d6f16-7414-43d6-ba34-dfe7a0983e27,2517b396-c315-42fb-908e-f5d99b76b3ac,ES,9625,Solcredito - Loans,CPS,0.0,0.9612,keyword,2026-03-06 23:41:07
6424d368-e70a-4185-b7f1-78b282200e41,2,256918b3-1d6b-4a3e-bf36-99b812d6bc79,8d4ad858-3317-4fc3-adde-4890f84a80a8,,9691,EKTA World Wide Travel Insurance + Covid,CPS,0.0,0.8362,keyword,2026-03-07 05:22:13
5a761119-6f82-4fe6-82e3-701fa798b327,2,e64d62ea-1dfa-4ef6-8bbe-0029a9bd6e99,56b9e79f-f83b-4e82-94a8-4fdab604aa4d,,9307,Driving Glasses - PolorVision - CTC $59.99 - All Coutries,CPA,52.5,0.8318,keyword,2026-03-07 08:26:10
ee15d51c-0162-4c57-b7ee-aefc4f70a5ba,2,e64d62ea-1dfa-4ef6-8bbe-0029a9bd6e99,56b9e79f-f83b-4e82-94a8-4fdab604aa4d,,9303,GPS Air Tag - iTagPro - CTC $41.99 - All Coutries,CPA,45.0,0.8318,keyword,2026-03-07 08:26:30
0ae11e01-f416-42c0-bafb-05b356a42de3,2,e64d62ea-1dfa-4ef6-8bbe-0029a9bd6e99,56b9e79f-f83b-4e82-94a8-4fdab604aa4d,,9039,Surfshark Antivirus,CPA,9.0,0.8318,keyword,2026-03-07 08:26:55
031302dc-b712-489a-861b-8a43490071cc,2,e64d62ea-1dfa-4ef6-8bbe-0029a9bd6e99,56b9e79f-f83b-4e82-94a8-4fdab604aa4d,,9691,EKTA World Wide Travel Insurance + Covid,CPS,0.0,0.8318,keyword,2026-03-07 08:27:30
4fde57e5-6fa4-42d8-bca3-309f91b7a7d8,2,e64d62ea-1dfa-4ef6-8bbe-0029a9bd6e99,56b9e79f-f83b-4e82-94a8-4fdab604aa4d,,9307,Driving Glasses - PolorVision - CTC $59.99 - All Coutries,CPA,52.5,0.8291,keyword,2026-03-07 08:27:50
c96d4f65-d608-4896-801a-4d4eba7fa9ac,2,ad668fc5-40b0-4af1-8b6b-6ae67cb6a979,cfe019b5-625e-4919-b5cb-85e0ff8b8a5f,,9303,GPS Air Tag - iTagPro - CTC $41.99 - All Coutries,CPA,45.0,0.8291,keyword,2026-03-08 07:34:16
8487878a-18cb-4d74-9bc7-1de1f98b2265,2,58d2f2d6-8eac-4a03-945a-a762d28029df,c518c4e2-5f73-471c-953b-247939ee9894,,9039,Surfshark Antivirus,CPA,9.0,0.8291,keyword,2026-03-09 17:03:55
2224ee80-be29-4a7c-bf6a-69a95ec7c16c,2,62d73081-8940-4214-8daf-09db2d27323a,17616afb-48f2-4f74-b8b2-52f4e36cc566,,9301,Smart TV USB Stick - Flixy - CTC $73.99 - All Coutries,CPA,48.75,0.8702,keyword,2026-03-11 16:39:16
5916fe5f-43c9-4c64-bc00-3f12bfb65e41,2,62d73081-8940-4214-8daf-09db2d27323a,17616afb-48f2-4f74-b8b2-52f4e36cc566,,9301,Smart TV USB Stick - Flixy - CTC $73.99 - All Coutries,CPA,48.75,0.8553,keyword,2026-03-11 16:39:47
90c10358-30af-4437-8d22-435d131e9d01,2,010fa69d-1fa9-4417-beb9-7ac2230f3400,e58c3b22-3dda-4dc1-8a74-49d2fc3ced04,,9301,Smart TV USB Stick - Flixy - CTC $73.99 - All Coutries,CPA,48.75,0.8434,keyword,2026-03-13 11:39:56
78f035a7-c749-466b-9bfd-01fe02210aa4,2,010fa69d-1fa9-4417-beb9-7ac2230f3400,e58c3b22-3dda-4dc1-8a74-49d2fc3ced04,,9301,Smart TV USB Stick - Flixy - CTC $73.99 - All Coutries,CPA,48.75,0.8362,keyword,2026-03-13 11:40:10
e3a07d9e-d604-41ed-97f9-6cfceed9269d,2,010fa69d-1fa9-4417-beb9-7ac2230f3400,e58c3b22-3dda-4dc1-8a74-49d2fc3ced04,,9301,Smart TV USB Stick - Flixy - CTC $73.99 - All Coutries,CPA,48.75,0.8318,keyword,2026-03-13 11:40:30
89e5a14a-acb4-439d-a99e-704a7f70c7dd,2,010fa69d-1fa9-4417-beb9-7ac2230f3400,e58c3b22-3dda-4dc1-8a74-49d2fc3ced04,,9301,Smart TV USB Stick - Flixy - CTC $73.99 - All Coutries,CPA,48.75,0.8291,keyword,2026-03-13 11:40:58
bbed50c8-92f2-4b50-9260-2cc2b21e6242,2,anon_c10a4245-ceab-4a75-97a7-b40301401802,29b84cb3-eb6c-452a-a86c-86f280ebfabb,GB,9579,Nectar AI Fantasy Dating,CPS,0.0,1.0,keyword,2026-03-14 07:49:57
361f4d06-3489-443d-9c8b-6489fb4d3f29,2,anon_c10a4245-ceab-4a75-97a7-b40301401802,29b84cb3-eb6c-452a-a86c-86f280ebfabb,GB,9563,Crypto.com,CPS,0.0,1.0,keyword,2026-03-14 07:51:16
210a6c52-0253-4beb-a14a-eef2611ec313,2,anon_c10a4245-ceab-4a75-97a7-b40301401802,29b84cb3-eb6c-452a-a86c-86f280ebfabb,GB,9579,Nectar AI Fantasy Dating,CPS,0.0,0.9803,keyword,2026-03-14 07:52:23
e11e1fc0-e834-489b-8efc-36736d8685ed,2,anon_c10a4245-ceab-4a75-97a7-b40301401802,29b84cb3-eb6c-452a-a86c-86f280ebfabb,GB,9563,Crypto.com,CPS,0.0,0.9803,keyword,2026-03-14 07:52:53
5e20b8e9-7f6a-48e8-957c-7a4d09bc28bd,2,fd3cd85e-97fb-4369-99c0-713088f87739,59b23f83-72c1-46e4-ad49-3b1dad13ddc5,,9304,Anti-Bark Collar - NooBark - CTC $59.99 - All Coutries,CPA,45.0,0.875,keyword,2026-03-16 03:20:55
1d5e01c0-aadb-46f8-9a4f-26213f62008a,2,fd3cd85e-97fb-4369-99c0-713088f87739,59b23f83-72c1-46e4-ad49-3b1dad13ddc5,,9304,Anti-Bark Collar - NooBark - CTC $59.99 - All Coutries,CPA,45.0,0.8553,keyword,2026-03-16 03:21:04
ea2ede9b-6752-404a-997a-c6b8152a7169,2,fd3cd85e-97fb-4369-99c0-713088f87739,59b23f83-72c1-46e4-ad49-3b1dad13ddc5,,9306,Air Purifier - Clairu - CTC $39.95 - All Coutries,CPA,37.5,0.8524,keyword,2026-03-16 03:21:32
70f32223-ff83-4f10-b1b0-05917078cddd,2,fd3cd85e-97fb-4369-99c0-713088f87739,59b23f83-72c1-46e4-ad49-3b1dad13ddc5,,9304,Anti-Bark Collar - NooBark - CTC $59.99 - All Coutries,CPA,45.0,0.8434,keyword,2026-03-16 03:21:50
d5720b45-3fcc-468e-8d30-774a3437e4d8,2,fd3cd85e-97fb-4369-99c0-713088f87739,59b23f83-72c1-46e4-ad49-3b1dad13ddc5,,9304,Anti-Bark Collar - NooBark - CTC $59.99 - All Coutries,CPA,45.0,0.8362,keyword,2026-03-16 03:22:05
1d16bb0b-b7b0-4253-a08c-f6d486820504,34,b7db306a-9075-4ee7-a495-692d4f58f0c2,7dd0fe18-904e-4181-8b28-37497bfb0aa0,FR,9074,Gluco Armor - Nutra,CPA,115.0,0.3,keyword,2026-02-04 18:07:00
b88bb077-4322-426e-bca0-e856b4d58e16,34,9969f602-0047-4698-9d55-1715c0423277,1f173d48-fab5-4331-8616-57a63f08706a,,9071,Trimology - Nutra,CPA,90.0,0.175,keyword,2026-02-12 03:21:43
ff2a0ae9-2567-4a14-84f7-824a9d33eb3b,34,903de532-dd8b-43c5-9699-e7a448abcfda,6bdc0b8b-6493-45d5-9426-bdf3da867db4,,9308,Dash Cam - DashOne Pro - CTC $69.99 - All Coutries,CPA,56.25,0.2227,keyword,2026-02-20 15:25:44
e98c5ad2-29c8-437f-96b9-21ffa6ab7e44,35,b7db306a-9075-4ee7-a495-692d4f58f0c2,7dd0fe18-904e-4181-8b28-37497bfb0aa0,FR,9074,Gluco Armor - Nutra,CPA,115.0,0.3,keyword,2026-02-04 18:08:40
5bd6ba9b-ec9f-4ba2-b25f-f7051ea25c87,35,c5156b73-9514-4991-b512-dd2096b5f639,135cf7eb-4f40-4491-9244-940dd8a353fd,SY,9071,Trimology - Nutra,CPA,90.0,0.175,keyword,2026-02-06 22:03:37
632c8808-410a-49ec-8157-ea505f3bab77,35,9969f602-0047-4698-9d55-1715c0423277,e966e6f7-6aeb-4baa-8a5a-0b5c8be7f47f,,9464,RockWallet LLC - US (Android and iOS Only),CPA,67.5,0.175,keyword,2026-02-12 12:23:34
0a21671e-04f6-4886-8b43-51ec3114ed5c,35,9969f602-0047-4698-9d55-1715c0423277,e966e6f7-6aeb-4baa-8a5a-0b5c8be7f47f,,9308,Dash Cam - DashOne Pro - CTC $69.99 - All Coutries,CPA,56.25,0.175,keyword,2026-02-12 12:24:02
c34332f9-ae2c-45c0-9c5e-b94d198240d3,35,9969f602-0047-4698-9d55-1715c0423277,e966e6f7-6aeb-4baa-8a5a-0b5c8be7f47f,,9307,Driving Glasses - PolorVision - CTC $59.99 - All Coutries,CPA,52.5,0.175,keyword,2026-02-12 12:24:44
8e3e0e69-e55a-4a1e-a23c-cd4223cd96f0,35,9969f602-0047-4698-9d55-1715c0423277,e966e6f7-6aeb-4baa-8a5a-0b5c8be7f47f,,9305,Heater - WellHeater - CTC $49.99 - All Coutries,CPA,52.5,0.175,keyword,2026-02-12 12:27:30
a194c7a5-de97-4dfd-9955-3de35e44a7fd,21,c5156b73-9514-4991-b512-dd2096b5f639,db48e425-b754-45cc-8132-8b52098b365c,SY,9071,Trimology - Nutra,CPA,90.0,0.175,keyword,2026-02-05 08:12:18
54b8841c-0a68-4360-8525-99e6a338615c,21,c5156b73-9514-4991-b512-dd2096b5f639,db48e425-b754-45cc-8132-8b52098b365c,SY,9464,RockWallet LLC - US (Android and iOS Only),CPA,67.5,0.175,keyword,2026-02-05 08:13:06
777ca6d8-3500-4c4d-9671-6e7f6df66564,10,fe7dfb7b-cfd3-4843-85ba-907b48dd84b0,dd284829-7752-44e8-aa0e-5aa5f6726a38,,9308,Dash Cam - DashOne Pro - CTC $69.99 - All Coutries,CPA,56.25,0.2188,keyword,2026-02-05 11:07:08
173e73df-6996-4f07-8705-09581563aea3,10,31e30148-a857-451a-a71b-932a9f056062,3c64d936-f03c-442d-8b3b-1c819f07f3e5,,9303,GPS Air Tag - iTagPro - CTC $41.99 - All Coutries,CPA,45.0,0.2236,keyword,2026-03-03 15:51:50
2e64b71c-8619-41c6-86f6-603b66c6dab4,29,c5156b73-9514-4991-b512-dd2096b5f639,c25c4720-1c5b-4521-bb9d-138da87d49aa,SY,9071,Trimology - Nutra,CPA,90.0,0.175,keyword,2026-02-05 18:36:56
cf8b1e4e-d8d5-446e-8f97-269c7bc91a0e,30,c5156b73-9514-4991-b512-dd2096b5f639,c25c4720-1c5b-4521-bb9d-138da87d49aa,SY,9071,Trimology - Nutra,CPA,90.0,0.175,keyword,2026-02-05 18:38:15
604e4901-cbef-4711-b118-76c8b82c42ba,30,12070769-faad-4938-b8bd-3e919341e204,5a8131d2-ee50-447a-9ad0-f94b16504c2a,SY,9464,RockWallet LLC - US (Android and iOS Only),CPA,67.5,0.175,keyword,2026-02-23 17:59:51
7b00461a-c5eb-4151-9f31-78ba365b384d,32,c5156b73-9514-4991-b512-dd2096b5f639,c25c4720-1c5b-4521-bb9d-138da87d49aa,SY,9071,Trimology - Nutra,CPA,90.0,0.175,keyword,2026-02-05 18:39:30
3c4d5d29-54a7-4cc9-9e67-9e8bd1ad3ca4,32,12070769-faad-4938-b8bd-3e919341e204,2b51fbbe-7a9a-4b92-99fe-8c7941234846,SY,9464,RockWallet LLC - US (Android and iOS Only),CPA,67.5,0.175,keyword,2026-02-25 12:57:05
6cb26845-84dc-4da4-9ced-6bedb46a7062,32,12070769-faad-4938-b8bd-3e919341e204,2b51fbbe-7a9a-4b92-99fe-8c7941234846,SY,9308,Dash Cam - DashOne Pro - CTC $69.99 - All Coutries,CPA,56.25,0.175,keyword,2026-02-25 12:57:22
b203506b-be61-4d36-82f6-87fe01472a10,33,c5156b73-9514-4991-b512-dd2096b5f639,c25c4720-1c5b-4521-bb9d-138da87d49aa,SY,9071,Trimology - Nutra,CPA,90.0,0.175,keyword,2026-02-05 18:40:40
f86d3332-9795-4677-802b-07bbb53a222e,33,c5156b73-9514-4991-b512-dd2096b5f639,c25c4720-1c5b-4521-bb9d-138da87d49aa,SY,9464,RockWallet LLC - US (Android and iOS Only),CPA,67.5,0.175,keyword,2026-02-05 18:41:04
2ca5e807-15bf-4464-9318-8894e76cc804,8,b3bc63af-d1ac-46e0-9d58-82051ed194ee,b81d9b4b-f08a-4140-8824-de797b4bbfb3,US,9161,Depo Provera,CPA,900.0,0.3,keyword,2026-02-06 02:21:29
e99c0e97-1158-4955-b2e6-e59af1ef6534,8,b3bc63af-d1ac-46e0-9d58-82051ed194ee,b81d9b4b-f08a-4140-8824-de797b4bbfb3,US,9163,WTC,CPA,750.0,0.3,keyword,2026-02-06 02:22:11
ce98b752-5fd8-4c82-9d63-4a63b3b6d89e,8,d2caf80c-b739-42bb-901f-7e013702ea17,a410c501-8ddd-4ccc-9c79-291e960b0945,,9308,Dash Cam - DashOne Pro - CTC $69.99 - All Coutries,CPA,56.25,0.3266,keyword,2026-02-13 19:29:24
781460f7-f818-4910-ba5e-fc35de0dd7b7,8,38c2192a-27ae-4d4d-b628-27425dced769,2d59aa24-03f6-417d-8b2a-cf64d5649f68,EG,9464,RockWallet LLC - US (Android and iOS Only),CPA,67.5,0.2963,keyword,2026-02-21 03:45:38
30ad597e-f33d-44f7-8ae2-cdcdd1ff0124,8,9ee543d6-34ff-4412-82d5-73e7954d049c,2d1b379d-4f72-4425-b0d3-588357759610,,9309,Titanium Cutting Board - KatuChef - CTC $59.00 - All Coutries,CPA,48.75,0.3059,keyword,2026-03-02 08:22:56
1f92d2b0-a508-4ff4-b378-57d3f4211148,8,cac158eb-9427-41df-96ae-d14bcb84a2f5,ba2a9d6d-ab18-41a1-bfca-bb1f3c1f6ed3,,9305,Heater - WellHeater - CTC $49.99 - All Coutries,CPA,52.5,0.301,keyword,2026-03-05 10:48:57
94cccce6-7d02-4c6b-9ccf-c679159c8872,4,739b9f1c-9320-4579-8db2-ab0e2108ad7e,f5ca4cb0-5366-4c12-90a0-971ed9024bd8,US,9061,Groundluxe - Luxurious Organic Grounding Sheets,CPS,0.0,0.5406,keyword,2026-02-07 14:00:42
064484a5-cefd-4a27-87cf-044b4da7fc32,4,739b9f1c-9320-4579-8db2-ab0e2108ad7e,f5ca4cb0-5366-4c12-90a0-971ed9024bd8,US,9061,Groundluxe - Luxurious Organic Grounding Sheets,CPS,0.0,0.5605,keyword,2026-02-07 14:03:44
ad214f82-8d49-44b0-9f78-7ebdeaf48cd4,4,739b9f1c-9320-4579-8db2-ab0e2108ad7e,f5ca4cb0-5366-4c12-90a0-971ed9024bd8,US,9626,TopTop Payday Loans - Let Us Find You a Lender!,CPS,0.0,0.5916,keyword,2026-02-07 14:05:12
7c2295c3-adb5-4a0e-94f4-1abaeffa6e0b,4,e3c85e56-b703-437d-b87b-7854953ae222,0c04950c-94e9-45ef-a914-4ed3fc30ef57,US,9626,TopTop Payday Loans - Let Us Find You a Lender!,CPS,0.0,0.6436,keyword,2026-02-21 20:14:14
e753cc38-023a-468c-81da-2c9639b824f6,4,e3c85e56-b703-437d-b87b-7854953ae222,0c04950c-94e9-45ef-a914-4ed3fc30ef57,US,9626,TopTop Payday Loans - Let Us Find You a Lender!,CPS,0.0,0.8446,keyword,2026-02-21 20:14:31
4449fdcc-57ae-49a9-b0b4-641c13b5e4c9,4,530b8c2e-f17a-4ea7-9ef9-7a150812d003,eac77dde-15fd-47b0-8ab2-ce27b8c7ba30,SD,9309,Titanium Cutting Board - KatuChef - CTC $59.00 - All Coutries,CPA,48.75,0.6114,keyword,2026-02-25 07:20:08
a6f39913-857d-4d9b-b370-d2fd5e740409,4,530b8c2e-f17a-4ea7-9ef9-7a150812d003,eac77dde-15fd-47b0-8ab2-ce27b8c7ba30,SD,9309,Titanium Cutting Board - KatuChef - CTC $59.00 - All Coutries,CPA,48.75,0.5785,keyword,2026-02-25 07:20:19
d0923637-ba9b-4987-b84b-0cec2eaa13cf,4,9ee543d6-34ff-4412-82d5-73e7954d049c,e92d6bf9-3612-475b-a46b-89017bc95431,,9309,Titanium Cutting Board - KatuChef - CTC $59.00 - All Coutries,CPA,48.75,0.5861,keyword,2026-02-25 07:49:11
4c510416-38be-4794-8480-c49b7443f68a,4,b66b6f68-d459-49ba-81be-d046d484289e,c1fad696-a592-4d13-ac47-c3338c3bce6c,SY,9309,Titanium Cutting Board - KatuChef - CTC $59.00 - All Coutries,CPA,48.75,0.5681,keyword,2026-02-28 01:10:48
17c46189-2593-4073-aee7-894e0fd6b970,4,anon_46b0376d-42fb-469e-a311-4de557e053ca,32755970-0953-4a25-8245-0549bbe3521d,CA,9416,System Mechanic,CPA,48.75,0.611,keyword,2026-02-28 02:53:52
92661b55-2420-45f7-b85c-0fa85f34d11e,4,31e30148-a857-451a-a71b-932a9f056062,bb732d5a-bddf-42d8-93a4-08cd84864b57,,9309,Titanium Cutting Board - KatuChef - CTC $59.00 - All Coutries,CPA,48.75,0.5463,keyword,2026-03-01 12:47:13
69ead04f-65b5-4513-b317-60acf6647082,4,62d73081-8940-4214-8daf-09db2d27323a,17616afb-48f2-4f74-b8b2-52f4e36cc566,,9039,Surfshark Antivirus,CPA,9.0,0.5435,keyword,2026-03-11 16:43:13
98767fc8-e7f0-4752-a9fc-fb5701774c8f,36,c5156b73-9514-4991-b512-dd2096b5f639,135cf7eb-4f40-4491-9244-940dd8a353fd,SY,9071,Trimology - Nutra,CPA,90.0,0.175,keyword,2026-02-06 22:05:48
93dfcf0c-515d-458a-a02a-d2a563f935f6,36,b7db306a-9075-4ee7-a495-692d4f58f0c2,02e82f53-462d-4b38-9f4a-dc2a3a9d5d6f,FR,9074,Gluco Armor - Nutra,CPA,115.0,0.3,keyword,2026-02-07 13:32:59
b9c03155-8b6b-4aa5-83c5-4912ebc2bc8a,36,9969f602-0047-4698-9d55-1715c0423277,fc7daa51-3381-4ce1-bfb1-8a2a7fb24e93,,9464,RockWallet LLC - US (Android and iOS Only),CPA,67.5,0.175,keyword,2026-02-12 22:22:36
e5e98e83-1273-4899-b97d-ae7d2b1df149,36,903de532-dd8b-43c5-9699-e7a448abcfda,4127d968-ded1-4b8a-beb3-04851a4b9ec5,,9303,GPS Air Tag - iTagPro - CTC $41.99 - All Coutries,CPA,45.0,0.261,keyword,2026-02-23 10:47:48
9fa8888f-17e7-4562-a8d6-04222a794cca,37,c5156b73-9514-4991-b512-dd2096b5f639,59afb4c5-2ca3-4939-8cfd-2710de2669cd,SY,9071,Trimology - Nutra,CPA,90.0,0.175,keyword,2026-02-06 22:06:57
fa986396-90cb-4826-9141-560a8e76103a,37,c5156b73-9514-4991-b512-dd2096b5f639,59afb4c5-2ca3-4939-8cfd-2710de2669cd,SY,9464,RockWallet LLC - US (Android and iOS Only),CPA,67.5,0.175,keyword,2026-02-06 22:07:40
97043e3f-b33b-4aeb-9187-6d74c59d46d6,37,b7db306a-9075-4ee7-a495-692d4f58f0c2,87d964ab-34ee-4fd4-b602-e040e1651038,FR,9074,Gluco Armor - Nutra,CPA,115.0,0.3,keyword,2026-02-07 15:06:17
266a2e09-5286-4352-b6a7-73a2f9fc311b,37,903de532-dd8b-43c5-9699-e7a448abcfda,287e25ff-9c92-4247-bd1c-12aa707eadb4,,9308,Dash Cam - DashOne Pro - CTC $69.99 - All Coutries,CPA,56.25,0.175,keyword,2026-02-23 19:00:01
0046f586-61d3-475f-8cfe-5f42e1b01c32,38,c5156b73-9514-4991-b512-dd2096b5f639,59afb4c5-2ca3-4939-8cfd-2710de2669cd,SY,9071,Trimology - Nutra,CPA,90.0,0.175,keyword,2026-02-06 22:08:39
19a24391-1abb-4cae-a458-fdc4eb19bf22,38,b7db306a-9075-4ee7-a495-692d4f58f0c2,87d964ab-34ee-4fd4-b602-e040e1651038,FR,9074,Gluco Armor - Nutra,CPA,115.0,0.3,keyword,2026-02-07 15:09:57
22aadfad-9763-41bd-b5ff-944b741aea58,38,b7db306a-9075-4ee7-a495-692d4f58f0c2,87d964ab-34ee-4fd4-b602-e040e1651038,FR,9076,Titan Transform - Nutra,CPA,110.0,0.3,keyword,2026-02-07 15:10:27
7decd9e3-f616-42d0-a36c-75f385728183,38,b7db306a-9075-4ee7-a495-692d4f58f0c2,87d964ab-34ee-4fd4-b602-e040e1651038,FR,9073,Tinnitrol MW - Nutra,CPA,100.0,0.3,keyword,2026-02-07 15:10:28
fa35084d-9a7e-44f5-a60a-5f5556d633e3,39,c5156b73-9514-4991-b512-dd2096b5f639,59afb4c5-2ca3-4939-8cfd-2710de2669cd,SY,9071,Trimology - Nutra,CPA,90.0,0.175,keyword,2026-02-06 22:09:26
88466815-018a-4c44-8fdf-84d7b47e5fa9,39,12070769-faad-4938-b8bd-3e919341e204,9fbb22ea-2f04-418d-b632-8dc7441ba6dd,SY,9464,RockWallet LLC - US (Android and iOS Only),CPA,67.5,0.175,keyword,2026-03-04 12:45:26
45bcc3c2-3c51-4708-921a-351788d03e8a,39,12070769-faad-4938-b8bd-3e919341e204,9fbb22ea-2f04-418d-b632-8dc7441ba6dd,SY,9308,Dash Cam - DashOne Pro - CTC $69.99 - All Coutries,CPA,56.25,0.175,keyword,2026-03-04 12:46:20
34bd2547-9821-44b4-9a28-b4deb572ce0c,39,b7db306a-9075-4ee7-a495-692d4f58f0c2,0d668734-5d01-496f-bd4a-91c7c760324c,FR,9074,Gluco Armor - Nutra,CPA,115.0,0.3,keyword,2026-03-06 17:26:01
0eb70105-9b3f-413c-acce-2ede897010a5,6,d2caf80c-b739-42bb-901f-7e013702ea17,8e59002b-1d82-4b70-a8fe-854284b4467f,,9308,Dash Cam - DashOne Pro - CTC $69.99 - All Coutries,CPA,56.25,0.875,keyword,2026-02-10 03:08:38
7de34745-4290-4022-9b78-7c0fb9046804,6,b2459282-566b-457c-a71c-722925706eea,f014684d-747e-4e4f-9216-26ff54c9dd59,,9308,Dash Cam - DashOne Pro - CTC $69.99 - All Coutries,CPA,56.25,0.7988,keyword,2026-02-14 20:34:08
e176dd4f-b467-4125-83e2-1c8ebbefde9a,6,38c2192a-27ae-4d4d-b628-27425dced769,2d59aa24-03f6-417d-8b2a-cf64d5649f68,EG,9308,Dash Cam - DashOne Pro - CTC $69.99 - All Coutries,CPA,56.25,0.7043,keyword,2026-02-21 03:45:05
d4a27677-b7bb-435b-9461-a09b6ea6f33f,6,31e30148-a857-451a-a71b-932a9f056062,0269b482-9ef1-4cb8-abf0-56269f01226b,,9303,GPS Air Tag - iTagPro - CTC $41.99 - All Coutries,CPA,45.0,0.7358,keyword,2026-03-03 05:33:53
e8671a48-d2ac-4ebe-871e-bcb770b657c6,6,31e30148-a857-451a-a71b-932a9f056062,0269b482-9ef1-4cb8-abf0-56269f01226b,,9303,GPS Air Tag - iTagPro - CTC $41.99 - All Coutries,CPA,45.0,0.6951,keyword,2026-03-03 05:35:33
30024d66-ac7a-42bf-bfa7-a760382c61a1,6,256918b3-1d6b-4a3e-bf36-99b812d6bc79,8d4ad858-3317-4fc3-adde-4890f84a80a8,,9308,Dash Cam - DashOne Pro - CTC $69.99 - All Coutries,CPA,56.25,0.7111,keyword,2026-03-07 05:33:07
21bb337b-d345-44e5-8b34-4175baf5b81b,7,b2459282-566b-457c-a71c-722925706eea,f014684d-747e-4e4f-9216-26ff54c9dd59,,9303,GPS Air Tag - iTagPro - CTC $41.99 - All Coutries,CPA,45.0,0.3502,keyword,2026-02-14 20:34:19
7cf798a7-258a-4e55-b92f-8a0bd1e44e56,7,9ee543d6-34ff-4412-82d5-73e7954d049c,8fbcebda-d6ab-4730-be4a-e4867ba77e1d,,9309,Titanium Cutting Board - KatuChef - CTC $59.00 - All Coutries,CPA,48.75,0.3652,keyword,2026-02-28 10:43:31
0141581d-528c-47ea-92c0-0c3ea1cb0a0f,7,9ee543d6-34ff-4412-82d5-73e7954d049c,8fbcebda-d6ab-4730-be4a-e4867ba77e1d,,9309,Titanium Cutting Board - KatuChef - CTC $59.00 - All Coutries,CPA,48.75,0.7219,keyword,2026-02-28 10:55:16
d63947ae-8313-464e-9216-848d399586e0,7,31e30148-a857-451a-a71b-932a9f056062,d93981f2-1b4b-4783-9c9f-32118a8e2da9,,9309,Titanium Cutting Board - KatuChef - CTC $59.00 - All Coutries,CPA,48.75,0.717,keyword,2026-03-03 05:52:22
3c95304f-9926-40d5-8ad9-b735ee8d816c,7,31e30148-a857-451a-a71b-932a9f056062,d93981f2-1b4b-4783-9c9f-32118a8e2da9,,9309,Titanium Cutting Board - KatuChef - CTC $59.00 - All Coutries,CPA,48.75,0.7092,keyword,2026-03-03 05:53:01
d63d2cfa-ff3f-452a-b265-9fd85dd6dbeb,7,256918b3-1d6b-4a3e-bf36-99b812d6bc79,8d4ad858-3317-4fc3-adde-4890f84a80a8,,9309,Titanium Cutting Board - KatuChef - CTC $59.00 - All Coutries,CPA,48.75,0.6699,keyword,2026-03-07 05:33:28
d5e7614f-ef62-4449-b29d-ef1a4f72496c,7,530b8c2e-f17a-4ea7-9ef9-7a150812d003,6bd4425c-a6ea-4c79-bc47-ca2011d12b71,SD,9309,Titanium Cutting Board - KatuChef - CTC $59.00 - All Coutries,CPA,48.75,0.6532,keyword,2026-03-07 13:43:52
fb38372e-f7c2-4227-a471-e8d9cc83805b,7,530b8c2e-f17a-4ea7-9ef9-7a150812d003,6bd4425c-a6ea-4c79-bc47-ca2011d12b71,SD,9309,Titanium Cutting Board - KatuChef - CTC $59.00 - All Coutries,CPA,48.75,0.6392,keyword,2026-03-07 13:44:18
852b4d62-d353-4f6c-a72a-201b78470d4b,9,0cd9bc18-7563-40c5-903d-4779dbbd07d5,56e9804d-2ede-4ae7-b0c9-344f51051742,,9039,Surfshark Antivirus,CPA,9.0,0.2196,keyword,2026-02-07 14:16:39
3fa95bfe-e5d6-46dc-b120-ccdc86931721,9,0cd9bc18-7563-40c5-903d-4779dbbd07d5,56e9804d-2ede-4ae7-b0c9-344f51051742,,9039,Surfshark Antivirus,CPA,9.0,0.1925,keyword,2026-02-07 14:17:11
06e554cd-21ad-47d8-8ec0-a3fba4a95d46,9,1c5c8127-0a6d-416a-88a1-365bfe37b500,70049dd3-7e92-4927-908c-ae808e812f9e,,9305,Heater - WellHeater - CTC $49.99 - All Coutries,CPA,52.5,0.2409,keyword,2026-03-07 14:06:06
64ea5f88-7eee-4734-abe1-585cb7e843e9,9,530b8c2e-f17a-4ea7-9ef9-7a150812d003,ca700a73-9f9f-4d31-a011-92bc20e294bd,SD,9305,Heater - WellHeater - CTC $49.99 - All Coutries,CPA,52.5,0.2164,keyword,2026-03-11 01:55:29
c325c8c1-0cce-4dbd-8d3d-8a5516aa2f37,9,530b8c2e-f17a-4ea7-9ef9-7a150812d003,ca700a73-9f9f-4d31-a011-92bc20e294bd,SD,9305,Heater - WellHeater - CTC $49.99 - All Coutries,CPA,52.5,0.202,keyword,2026-03-11 01:59:41
1f9e06c5-76be-42eb-8a0f-d3ec4eb12184,9,530b8c2e-f17a-4ea7-9ef9-7a150812d003,ca700a73-9f9f-4d31-a011-92bc20e294bd,SD,9307,Driving Glasses - PolorVision - CTC $59.99 - All Coutries,CPA,52.5,0.199,keyword,2026-03-11 01:59:59
fe6a18c4-9cf6-44af-959b-c74d7865d259,11,28490e12-e225-4ff3-b93e-91b005b46ca7,68e6019f-111b-428c-99ed-0ff428e0e3d7,US,9527,fr.ulike.com,CPS,0.0,1.0,keyword,2026-02-24 17:50:01
709480d6-02c3-42a2-bb35-e53afb1eb761,11,28490e12-e225-4ff3-b93e-91b005b46ca7,68e6019f-111b-428c-99ed-0ff428e0e3d7,US,9527,fr.ulike.com,CPS,0.0,0.9803,keyword,2026-02-24 17:52:41
976a0239-cc57-4159-b40d-d2fcfec6635e,11,28490e12-e225-4ff3-b93e-91b005b46ca7,68e6019f-111b-428c-99ed-0ff428e0e3d7,US,9527,fr.ulike.com,CPS,0.0,0.9684,keyword,2026-02-24 17:55:17
56f73841-588f-46d8-92fd-0f693872b876,11,28490e12-e225-4ff3-b93e-91b005b46ca7,68e6019f-111b-428c-99ed-0ff428e0e3d7,US,9091,Bailey's CBD For Pets,CPS,0.0,1.0,keyword,2026-02-24 17:59:09
e4987e0b-b097-4340-a085-7aaa5ef1cd8b,11,28490e12-e225-4ff3-b93e-91b005b46ca7,68e6019f-111b-428c-99ed-0ff428e0e3d7,US,9091,Bailey's CBD For Pets,CPS,0.0,0.9803,keyword,2026-02-24 18:01:49
6f272d3e-1fdf-4fd8-ad1b-1ee2c06637d7,11,9ee543d6-34ff-4412-82d5-73e7954d049c,6ef39abb-df86-444e-82c6-c9efba1c762a,,9309,Titanium Cutting Board - KatuChef - CTC $59.00 - All Coutries,CPA,48.75,0.4344,keyword,2026-03-14 17:05:20
31a82ed6-cbd4-44c1-a368-a61b4ff19fa0,5,965a51f5-e08e-4ce6-b252-90b12d437bf8,dcaf4e82-b1b6-47f9-9bcf-0e422b86fd88,US,9624,Firstbase - Loans & Financial Services,CPS,0.0,0.5405,keyword,2026-02-08 14:00:32
ac433d36-8ee5-4230-93d2-9aa960aa4fbb,5,c88065bb-4263-4727-b0ab-877d7e64e9f0,f6a32efb-1928-4ca9-a167-44897811a49f,,9301,Smart TV USB Stick - Flixy - CTC $73.99 - All Coutries,CPA,48.75,0.2858,keyword,2026-02-11 19:18:52
cdbb6efd-b4a4-4aa1-875f-e8a0e5d0e406,5,01e676e3-be64-4203-a039-217761e3a344,ffef5aa1-efef-4d62-b2c2-251b61f4faf4,,9039,Surfshark Antivirus,CPA,9.0,0.3009,keyword,2026-03-03 21:49:38
74e13038-d633-48fe-9c43-eb5db9941521,5,cac158eb-9427-41df-96ae-d14bcb84a2f5,ba2a9d6d-ab18-41a1-bfca-bb1f3c1f6ed3,,9308,Dash Cam - DashOne Pro - CTC $69.99 - All Coutries,CPA,56.25,0.2976,keyword,2026-03-05 10:47:30
4f19629a-e35d-4320-9476-353cf2b354b9,5,530b8c2e-f17a-4ea7-9ef9-7a150812d003,ee52a0bc-5d46-42f5-965a-cbf26623392a,SD,9308,Dash Cam - DashOne Pro - CTC $69.99 - All Coutries,CPA,56.25,0.2941,keyword,2026-03-06 21:39:20
a40aec7c-007d-47c9-91fd-039261ce5ca6,5,530b8c2e-f17a-4ea7-9ef9-7a150812d003,ee52a0bc-5d46-42f5-965a-cbf26623392a,SD,9308,Dash Cam - DashOne Pro - CTC $69.99 - All Coutries,CPA,56.25,0.2914,keyword,2026-03-06 21:39:30
46051f5c-6361-40ed-aec7-5b9934fe58b7,5,530b8c2e-f17a-4ea7-9ef9-7a150812d003,ee52a0bc-5d46-42f5-965a-cbf26623392a,SD,9308,Dash Cam - DashOne Pro - CTC $69.99 - All Coutries,CPA,56.25,0.2894,keyword,2026-03-06 21:46:28
499fdedd-732a-40a6-8065-81e3694a2ea6,5,530b8c2e-f17a-4ea7-9ef9-7a150812d003,ee52a0bc-5d46-42f5-965a-cbf26623392a,SD,9308,Dash Cam - DashOne Pro - CTC $69.99 - All Coutries,CPA,56.25,0.2877,keyword,2026-03-06 21:47:51
347e6a20-f0c4-45cc-ac11-b82675dd903c,5,ab0d6f16-7414-43d6-ba34-dfe7a0983e27,2517b396-c315-42fb-908e-f5d99b76b3ac,ES,9625,Solcredito - Loans,CPS,0.0,0.4833,keyword,2026-03-06 23:47:31
6ad4806f-5485-4123-a800-e86b9f563662,12,anon_ecf002a7-3777-43ba-aa33-ee49f440057e,65f85d42-d3f7-4380-ab1f-f8b5c80180a6,FR,9074,Gluco Armor - Nutra,CPA,115.0,0.3263,keyword,2026-02-17 15:42:04
5d831718-d84d-4d11-b7cb-c3f1d4bf4e38,12,31e30148-a857-451a-a71b-932a9f056062,a8c602ed-6fff-42cd-9093-7ef99857bd8e,,9301,Smart TV USB Stick - Flixy - CTC $73.99 - All Coutries,CPA,48.75,0.294,keyword,2026-03-03 15:55:53
c584adcf-4f56-48d4-824d-6a1ec6308cf6,12,31e30148-a857-451a-a71b-932a9f056062,a8c602ed-6fff-42cd-9093-7ef99857bd8e,,9039,Surfshark Antivirus,CPA,9.0,0.3192,keyword,2026-03-03 15:56:00
16c6f2cd-8029-46a7-9a52-00e6d80b4da0,12,01e676e3-be64-4203-a039-217761e3a344,a465775d-6e0f-4885-83ae-97f0024461b9,,9039,Surfshark Antivirus,CPA,9.0,0.2917,keyword,2026-03-06 08:37:49
6a6e997b-d6f0-4258-9d89-31afffb77e90,17,12070769-faad-4938-b8bd-3e919341e204,d931be09-1c29-41c3-a296-d2a41516fa7a,SY,9071,Trimology - Nutra,CPA,90.0,0.175,keyword,2026-02-18 17:59:06
034c3f89-3139-400f-bba0-f7f47b935841,17,12070769-faad-4938-b8bd-3e919341e204,d931be09-1c29-41c3-a296-d2a41516fa7a,SY,9464,RockWallet LLC - US (Android and iOS Only),CPA,67.5,0.175,keyword,2026-02-18 17:59:32
328af3d8-7309-403b-a9e5-c8a0bcff02df,17,12070769-faad-4938-b8bd-3e919341e204,d931be09-1c29-41c3-a296-d2a41516fa7a,SY,9308,Dash Cam - DashOne Pro - CTC $69.99 - All Coutries,CPA,56.25,0.175,keyword,2026-02-18 18:00:06
3b1ede2c-6abf-4cce-a189-f293965ad1cc,17,12070769-faad-4938-b8bd-3e919341e204,d931be09-1c29-41c3-a296-d2a41516fa7a,SY,9307,Driving Glasses - PolorVision - CTC $59.99 - All Coutries,CPA,52.5,0.175,keyword,2026-02-18 18:00:25
53ed60a4-2a35-4586-8f11-ec6b1dfa398e,25,12070769-faad-4938-b8bd-3e919341e204,619b648d-7d5a-4980-91c9-0b009fb3ec59,SY,9071,Trimology - Nutra,CPA,90.0,0.175,keyword,2026-02-20 09:24:00
043237dd-392f-433f-8c53-eb16345c2499,25,12070769-faad-4938-b8bd-3e919341e204,619b648d-7d5a-4980-91c9-0b009fb3ec59,SY,9464,RockWallet LLC - US (Android and iOS Only),CPA,67.5,0.175,keyword,2026-02-20 09:26:43
1d21b025-f66b-4e5d-b90c-269eeea8c943,26,12070769-faad-4938-b8bd-3e919341e204,666ee55d-551d-4784-bbb5-909c25eae2bc,SY,9071,Trimology - Nutra,CPA,90.0,0.175,keyword,2026-02-22 18:25:00
2c80f6a8-3eff-4f44-8a12-e9b620794d23,26,12070769-faad-4938-b8bd-3e919341e204,666ee55d-551d-4784-bbb5-909c25eae2bc,SY,9464,RockWallet LLC - US (Android and iOS Only),CPA,67.5,0.175,keyword,2026-02-22 18:25:26
1c7b39fb-5e13-4af3-a8fe-1cc206ae881f,71,97b243d9-1b2f-4480-a2ad-beb26f298a49,e95bb066-583b-4475-b851-6b7d3220b2f5,,9071,Trimology - Nutra,CPA,90.0,0.175,keyword,2026-02-26 08:38:02
606abae3-88a6-482a-aed3-7002395bdbc1,44,a1ea6b31-5136-4fd8-9e09-9c3ad231d4c0,e5d0596a-3563-4e1a-8ae8-08ea231f1458,,9071,Trimology - Nutra,CPA,90.0,0.175,keyword,2026-02-26 16:18:05
55b875c7-e345-4b4c-94b8-eee6c04b3fe8,44,12070769-faad-4938-b8bd-3e919341e204,ac54ae9c-ad87-490e-8209-33b79d15eb9f,SY,9464,RockWallet LLC - US (Android and iOS Only),CPA,67.5,0.175,keyword,2026-03-06 07:57:22
e6c5966c-f4a3-44cb-9a01-69336ba1a295,45,a1ea6b31-5136-4fd8-9e09-9c3ad231d4c0,b11bdb67-8435-4b21-bd09-888bcdbcce75,,9309,Titanium Cutting Board - KatuChef - CTC $59.00 - All Coutries,CPA,48.75,0.3768,keyword,2026-02-26 16:20:32
34a70b0b-aea1-490d-8578-252e0e89fc7f,45,12070769-faad-4938-b8bd-3e919341e204,1b485ece-68a0-43ab-8926-a10444104856,SY,9309,Titanium Cutting Board - KatuChef - CTC $59.00 - All Coutries,CPA,48.75,0.3425,keyword,2026-03-06 08:04:36
796557b5-d0cd-4d44-b662-c651c9b5fe9e,45,12070769-faad-4938-b8bd-3e919341e204,1b485ece-68a0-43ab-8926-a10444104856,SY,9309,Titanium Cutting Board - KatuChef - CTC $59.00 - All Coutries,CPA,48.75,0.321,keyword,2026-03-06 08:06:23
93cd7baa-42af-47a2-b38f-88fd2c6eb40d,72,97b243d9-1b2f-4480-a2ad-beb26f298a49,74b70db5-11ab-4952-a755-730018b5cfe7,,9071,Trimology - Nutra,CPA,90.0,0.175,keyword,2026-03-01 06:02:48
480807f8-b372-408b-8bf7-14eb23f686a6,91,93373cb4-aa2a-41b6-ba5a-8f269e025322,93f571dc-c6c0-4a5a-8001-c2a66835577a,,9071,Trimology - Nutra,CPA,90.0,0.175,keyword,2026-03-02 15:52:19
8f2d0d7e-eb20-4d5a-ab2b-156677a3ad06,91,93373cb4-aa2a-41b6-ba5a-8f269e025322,93f571dc-c6c0-4a5a-8001-c2a66835577a,,9464,RockWallet LLC - US (Android and iOS Only),CPA,67.5,0.175,keyword,2026-03-02 15:52:38
2077442e-7573-4858-8d09-7a5cd6effb25,41,12070769-faad-4938-b8bd-3e919341e204,1eeae58b-ccd7-4972-bc9b-fcfef48acef0,SY,9071,Trimology - Nutra,CPA,90.0,0.175,keyword,2026-03-05 14:26:14
eb8118b1-069e-4bb0-8907-44dd9f7c8894,41,12070769-faad-4938-b8bd-3e919341e204,1eeae58b-ccd7-4972-bc9b-fcfef48acef0,SY,9464,RockWallet LLC - US (Android and iOS Only),CPA,67.5,0.175,keyword,2026-03-05 14:26:53
247bb7fb-8fb4-439e-88c3-6367cc713d22,42,12070769-faad-4938-b8bd-3e919341e204,334c356c-1e3a-4fb4-aa07-cb6863dd8697,SY,9071,Trimology - Nutra,CPA,90.0,0.175,keyword,2026-03-05 14:31:44
3cd45af0-a16a-46df-855a-e640b6d342b4,76,97b243d9-1b2f-4480-a2ad-beb26f298a49,dee0ade5-4c62-4637-8bd6-cfff43780bcf,,9071,Trimology - Nutra,CPA,90.0,0.175,keyword,2026-03-06 13:47:13
ceb7bd6e-2bdf-466f-939d-8c7272e629b2,76,97b243d9-1b2f-4480-a2ad-beb26f298a49,dee0ade5-4c62-4637-8bd6-cfff43780bcf,,9464,RockWallet LLC - US (Android and iOS Only),CPA,67.5,0.175,keyword,2026-03-06 13:48:58
7c66d1c9-721c-492e-b315-15f6361923ef,79,97b243d9-1b2f-4480-a2ad-beb26f298a49,f5016d9f-6d4b-4590-9a01-1a9e1b7c9477,,9071,Trimology - Nutra,CPA,90.0,0.175,keyword,2026-03-06 19:32:26
a5e73408-c684-46e9-b2f9-3a2e7f577cbc,48,12070769-faad-4938-b8bd-3e919341e204,b5029952-aed5-48e3-ae06-05b00ffc8d51,SY,9071,Trimology - Nutra,CPA,90.0,0.175,keyword,2026-03-07 11:17:34
3e50191a-76c3-48e0-af52-65efff251145,48,12070769-faad-4938-b8bd-3e919341e204,b5029952-aed5-48e3-ae06-05b00ffc8d51,SY,9464,RockWallet LLC - US (Android and iOS Only),CPA,67.5,0.175,keyword,2026-03-07 11:18:13
4c27a725-31ce-4f4b-a65c-9e00cb9209ef,93,93373cb4-aa2a-41b6-ba5a-8f269e025322,1d00a53b-ff86-4773-bb50-f093cb3c132c,,9071,Trimology - Nutra,CPA,90.0,0.175,keyword,2026-03-08 18:42:00
2ecaef2c-2dc3-43f8-be7a-f389f8344258,94,93373cb4-aa2a-41b6-ba5a-8f269e025322,a1083634-cab2-4a9d-b73e-2795e00b8333,,9071,Trimology - Nutra,CPA,90.0,0.175,keyword,2026-03-08 20:47:28
c9980aa9-8134-44ba-b9ce-0156843a9408,50,12070769-faad-4938-b8bd-3e919341e204,043ac407-3198-4292-8786-7a61d86aa554,SY,9071,Trimology - Nutra,CPA,90.0,0.175,keyword,2026-03-10 14:34:01
a03e71b3-6754-4d64-9e66-79b8778e214d,50,12070769-faad-4938-b8bd-3e919341e204,043ac407-3198-4292-8786-7a61d86aa554,SY,9464,RockWallet LLC - US (Android and iOS Only),CPA,67.5,0.175,keyword,2026-03-10 14:35:23
3f4ab8b9-2ce7-41f1-9328-f81450b1d632,105,93373cb4-aa2a-41b6-ba5a-8f269e025322,c0b24ae7-1ff7-4981-8d8b-1df5d966d723,,9071,Trimology - Nutra,CPA,90.0,0.175,keyword,2026-03-10 15:11:00
fd4afbee-8fed-42cf-9db7-354ba858f60a,105,93373cb4-aa2a-41b6-ba5a-8f269e025322,c0b24ae7-1ff7-4981-8d8b-1df5d966d723,,9038,Surfshark VPN,CPA,9.0,0.2101,keyword,2026-03-10 15:14:17
aa524286-1411-4473-86be-f5cc000c1515,53,12070769-faad-4938-b8bd-3e919341e204,2cabcae3-3b6e-42da-9279-73b73427a55c,SY,9071,Trimology - Nutra,CPA,90.0,0.175,keyword,2026-03-12 12:09:26
067a58c2-ca06-4a74-9c5e-c894925357b5,54,12070769-faad-4938-b8bd-3e919341e204,b7c4a1ea-d695-4279-a71a-f2bf55b355c3,SY,9071,Trimology - Nutra,CPA,90.0,0.175,keyword,2026-03-12 12:12:35
bd631aed-7c2d-4e30-afa2-7a308a881878,54,12070769-faad-4938-b8bd-3e919341e204,b7c4a1ea-d695-4279-a71a-f2bf55b355c3,SY,9464,RockWallet LLC - US (Android and iOS Only),CPA,67.5,0.175,keyword,2026-03-12 12:14:19
82ad486e-910b-4136-ba8d-25bd7efc6ed2,55,12070769-faad-4938-b8bd-3e919341e204,75003311-85a2-49c7-ac05-ad8b0eb1ddf5,SY,9071,Trimology - Nutra,CPA,90.0,0.175,keyword,2026-03-13 00:42:46
fbe922e4-71d1-4fcf-8761-24e9f18db64e,55,12070769-faad-4938-b8bd-3e919341e204,75003311-85a2-49c7-ac05-ad8b0eb1ddf5,SY,9464,RockWallet LLC - US (Android and iOS Only),CPA,67.5,0.175,keyword,2026-03-13 00:44:37
750a2492-9561-4f33-ae75-f94fc77ea2cb,14,530b8c2e-f17a-4ea7-9ef9-7a150812d003,94a5bac6-79da-4822-bf4c-b5c900589ba0,SD,9071,Trimology - Nutra,CPA,90.0,0.175,keyword,2026-03-15 01:31:32
57c10447-541f-4fec-8a9e-f844573a2347,88,97b243d9-1b2f-4480-a2ad-beb26f298a49,badeafed-419e-4eb8-ac4b-2034652761ab,,9071,Trimology - Nutra,CPA,90.0,0.175,keyword,2026-03-15 08:18:55
1a0300e3-c6e5-46a0-bf45-7277bd8888a1,88,97b243d9-1b2f-4480-a2ad-beb26f298a49,badeafed-419e-4eb8-ac4b-2034652761ab,,9464,RockWallet LLC - US (Android and iOS Only),CPA,67.5,0.175,keyword,2026-03-15 08:19:53
eabdcb98-46a2-4bd7-9d12-f4639ad942b0,18,530b8c2e-f17a-4ea7-9ef9-7a150812d003,524da8bd-1891-424c-a1e2-150ccc6b51c1,SD,9071,Trimology - Nutra,CPA,90.0,0.175,keyword,2026-03-16 01:37:23
e3e9d5cd-fca1-4d20-b093-922203003b19,18,530b8c2e-f17a-4ea7-9ef9-7a150812d003,524da8bd-1891-424c-a1e2-150ccc6b51c1,SD,9464,RockWallet LLC - US (Android and iOS Only),CPA,67.5,0.175,keyword,2026-03-16 01:38:04
434c9ef8-b517-4b84-8b7c-0c15cf789487,56,12070769-faad-4938-b8bd-3e919341e204,dd07bf9b-aaad-4bfc-aa73-9dff342c8725,SY,9071,Trimology - Nutra,CPA,90.0,0.175,keyword,2026-03-16 03:03:49
df3532f7-dbb3-4d14-9fb7-0b330b96f6b6,56,12070769-faad-4938-b8bd-3e919341e204,dd07bf9b-aaad-4bfc-aa73-9dff342c8725,SY,9464,RockWallet LLC - US (Android and iOS Only),CPA,67.5,0.175,keyword,2026-03-16 03:04:42
